total_runs,balls_faced,fours,sixes,innings_played,strike_rate,batting_average,balls_bowled,runs_conceded,wickets,matches_bowled,overs_bowled,economy_rate,bowling_average,player,batting_score,bowling_score,performance_score,auction_value_lakhs,predicted_value,value_ratio
280.0,196.0,16.0,15.0,23.0,142.85714285714286,12.173913043478262,270.0,400.0,18.0,20.0,45.0,8.88888888888889,22.22222222222222,A Ashish Reddy,397.42857142857144,442.22222222222223,839.6507936507937,1368.9921255390236,1018.74502888996,0.8242011198481036
4.0,7.0,0.0,0.0,2.0,57.14285714285714,2.0,234.0,245.0,11.0,12.0,39.0,6.282051282051282,22.272727272727273,A Chandila,32.57142857142857,307.43589743589746,340.007326007326,479.5263649333879,506.02940978139077,0.6719121842230715
53.0,75.0,7.0,0.0,6.0,70.66666666666667,8.833333333333334,0.0,0.0,0.0,0.0,0.0,0.0,0.0,A Chopra,95.33333333333334,100.0,195.33333333333334,435.8028886424195,373.6911112362954,0.5227133519100983
62.0,57.0,5.0,2.0,3.0,108.77192982456141,20.666666666666668,66.0,106.0,2.0,3.0,11.0,9.636363636363637,53.0,A Flintoff,125.38596491228071,120.72727272727272,246.11323763955343,704.9687014126478,611.6263353384007,0.40239149856649625
35.0,49.0,3.0,0.0,15.0,71.42857142857143,2.3333333333333335,983.0,1089.0,45.0,42.0,163.83333333333334,6.646998982706002,24.2,A Kumble,73.71428571428572,986.706002034588,1060.4202877488738,1539.004107659145,1674.4336492678212,0.6333008705436391
291.0,326.0,25.0,3.0,43.0,89.2638036809816,6.767441860465116,2466.0,2960.0,124.0,112.0,411.0,7.201946472019465,23.870967741935484,A Mishra,366.6319018404908,2565.596107055961,2932.2280088964517,4346.719309184533,3868.5349291625894,0.7579686011859748
34.0,26.0,4.0,1.0,6.0,130.76923076923077,5.666666666666667,312.0,477.0,7.0,16.0,52.0,9.173076923076923,68.14285714285714,A Mithun,105.38461538461539,221.65384615384616,327.03846153846155,838.7438011693625,720.201704706356,0.45409287342884475
19.0,23.0,1.0,0.0,2.0,82.6086956521739,9.5,0.0,0.0,0.0,0.0,0.0,0.0,0.0,A Mukund,61.30434782608695,100.0,161.30434782608694,411.1611466795683,325.6152108285874,0.4953833311890392
41.0,63.0,3.0,1.0,17.0,65.07936507936508,2.411764705882353,1842.0,2339.0,98.0,82.0,307.0,7.618892508143323,23.867346938775512,A Nehra,78.53968253968253,2044.7622149837134,2123.301897523396,3081.4427569268128,2982.9165161955584,0.7118207586417726
0.0,0.0,0.0,0.0,0.0,0.0,0.0,18.0,31.0,1.0,1.0,3.0,10.333333333333334,31.0,A Nel,0.0,99.33333333333333,99.33333333333333,268.6240738075058,205.26583262901096,0.4839253180185341
2.0,10.0,0.0,0.0,5.0,20.0,0.4,486.0,639.0,28.0,23.0,81.0,7.888888888888889,22.821428571428573,A Singh,12.0,644.2222222222222,656.2222222222222,882.1586285351193,932.5286738205598,0.7037019242890269
974.0,781.0,74.0,41.0,36.0,124.71190781049937,27.055555555555557,540.0,694.0,20.0,30.0,90.0,7.711111111111111,34.7,A Symonds,1192.3559539052496,484.5777777777778,1676.9337316830274,2412.7161277150485,1911.12163576299,0.8774604924680965
4.0,7.0,0.0,0.0,2.0,57.14285714285714,2.0,38.0,67.0,2.0,2.0,6.333333333333333,10.578947368421053,33.5,A Uniyal,32.57142857142857,118.84210526315789,151.41353383458647,280.4683365584659,250.25111205417386,0.6050463975632955
0.0,1.0,0.0,0.0,1.0,0.0,0.0,103.0,117.0,12.0,5.0,17.166666666666668,6.815533980582524,9.75,A Zampa,0.0,326.36893203883494,326.36893203883494,67.71183433255266,272.09078011668737,1.199485450770769
69.0,88.0,5.0,0.0,7.0,78.4090909090909,9.857142857142858,0.0,0.0,0.0,0.0,0.0,0.0,0.0,AA Bilakhia,113.20454545454545,100.0,213.20454545454544,20.0,181.66117899563855,1.1736384550254637
12.0,11.0,2.0,0.0,3.0,109.09090909090908,4.0,255.0,339.0,8.0,13.0,42.5,7.976470588235294,42.375,AA Chavan,68.54545454545453,244.04705882352943,312.592513368984,344.9151643776927,514.9083571333035,0.6070837830430815
217.0,218.0,19.0,5.0,15.0,99.54128440366972,14.466666666666667,88.0,130.0,1.0,10.0,14.666666666666666,8.863636363636363,130.0,AA Jhunjhunwala,295.77064220183485,102.27272727272728,398.04336947456216,373.75523601615976,466.17621763880686,0.853847438830451
0.0,0.0,0.0,0.0,0.0,0.0,0.0,13.0,21.0,0.0,1.0,2.1666666666666665,9.692307692307693,21.0,AA Kazi,0.0,80.61538461538461,80.61538461538461,190.2085809932504,276.49675013355795,0.2915599715962103
9.0,12.0,1.0,0.0,1.0,75.0,9.0,25.0,41.0,1.0,1.0,4.166666666666667,9.84,41.0,AA Noffke,47.5,100.32,147.82,21.528123151080763,339.8347589412348,0.4349761056242086
179.0,160.0,13.0,5.0,18.0,111.87499999999999,9.944444444444445,820.0,1174.0,29.0,42.0,136.66666666666666,8.590243902439026,40.48275862068966,AB Agarkar,257.9375,662.8195121951219,920.7570121951219,1069.7496648661609,1444.098995999842,0.6375996484628971
42.0,43.0,5.0,1.0,3.0,97.67441860465115,14.0,0.0,0.0,0.0,0.0,0.0,0.0,0.0,AB Barath,97.83720930232558,100.0,197.83720930232556,619.9032306901812,499.36529883276756,0.3961773270284431
19.0,42.0,1.0,0.0,15.0,45.23809523809524,1.2666666666666666,1524.0,1982.0,68.0,72.0,254.0,7.803149606299213,29.147058823529413,AB Dinda,42.61904761904762,1444.3937007874015,1487.0127484064492,2180.739782695736,2233.8711426387276,0.6656663045702524
123.0,103.0,9.0,4.0,9.0,119.41747572815532,13.666666666666666,188.0,263.0,11.0,10.0,31.333333333333332,8.393617021276595,23.90909090909091,AB McDonald,199.70873786407765,303.2127659574468,502.9215038215244,769.2709284924227,751.4196461887808,0.6692951220697447
3270.0,2231.0,275.0,142.0,109.0,146.57104437471986,30.0,0.0,0.0,0.0,0.0,0.0,0.0,0.0,AB de Villiers,3902.28552218736,100.0,4002.28552218736,5689.298659842037,5923.131484700878,0.6757043183196326
120.0,91.0,21.0,2.0,7.0,131.86813186813185,17.142857142857142,0.0,0.0,0.0,0.0,0.0,0.0,0.0,AC Blizzard,210.93406593406593,100.0,310.9340659340659,346.3751589374356,333.5664248895059,0.9321503686621428
2069.0,1555.0,239.0,92.0,80.0,133.05466237942122,25.8625,1.0,0.0,1.0,1.0,0.16666666666666666,0.0,0.0,AC Gilchrist,2558.527331189711,120.0,2678.527331189711,4042.247298377793,4340.821783104487,0.6170553561114114
20.0,19.0,1.0,1.0,4.0,105.26315789473684,5.0,327.0,416.0,14.0,15.0,54.5,7.63302752293578,29.714285714285715,AC Thomas,75.63157894736841,364.73394495412845,440.3655239014969,406.7762982441765,545.4725495192819,0.8073101465684854
181.0,143.0,15.0,3.0,7.0,126.57342657342659,25.857142857142858,56.0,76.0,0.0,7.0,9.333333333333334,8.142857142857142,76.0,AC Voges,265.2867132867133,83.71428571428572,349.000999000999,606.3356990793292,539.8082951515094,0.6465276694257617
79.0,79.0,5.0,1.0,11.0,100.0,7.181818181818182,310.0,365.0,19.0,13.0,51.666666666666664,7.064516129032258,19.210526315789473,AD Mascarenhas,136.0,465.8709677419355,601.8709677419355,770.3771512545429,843.1422067460741,0.7138427692580199
692.0,571.0,42.0,28.0,39.0,121.19089316987741,17.743589743589745,776.0,1038.0,27.0,42.0,129.33333333333334,8.025773195876289,38.44444444444444,AD Mathews,850.5954465849387,623.9484536082474,1474.5439001931861,2147.502978254759,2141.308553321937,0.6886181339469457
20.0,27.0,1.0,0.0,3.0,74.07407407407408,6.666666666666667,0.0,0.0,0.0,0.0,0.0,0.0,0.0,AD Nath,58.03703703703704,100.0,158.03703703703704,104.3907988291617,274.2760526624043,0.5761969938788591
574.0,350.0,48.0,37.0,25.0,164.0,22.96,651.0,917.0,31.0,34.0,108.5,8.451612903225806,29.580645161290324,AD Russell,778.0,703.0967741935484,1481.0967741935483,2630.0369418410087,2271.6823968879694,0.6519823265006311
0.0,0.0,0.0,0.0,0.0,0.0,0.0,25.0,44.0,1.0,1.0,4.166666666666667,10.559999999999999,44.0,AF Milne,0.0,98.88,98.88,145.3441210584257,168.4064363122448,0.5871509555410647
10.0,14.0,1.0,0.0,3.0,71.42857142857143,3.3333333333333335,269.0,322.0,9.0,12.0,44.833333333333336,7.182156133828996,35.77777777777778,AG Murtaza,46.714285714285715,265.63568773234203,312.34997344662776,235.320005753908,610.9573792926677,0.511246748190928
49.0,61.0,9.0,0.0,5.0,80.32786885245902,9.8,0.0,0.0,0.0,0.0,0.0,0.0,0.0,AG Paunikar,98.1639344262295,100.0,198.1639344262295,478.6012639418948,431.35388166863913,0.45939991002203767
1304.0,1080.0,145.0,40.0,51.0,120.74074074074075,25.568627450980394,44.0,67.0,1.0,5.0,7.333333333333333,9.136363636363637,67.0,AJ Finch,1589.3703703703704,101.72727272727272,1691.0976430976432,2267.473876989042,2275.7138365384976,0.7431064556297237
401.0,367.0,24.0,18.0,23.0,109.26430517711172,17.434782608695652,113.0,144.0,3.0,12.0,18.833333333333332,7.646017699115045,48.0,AL Menaria,515.6321525885559,144.7079646017699,660.3401171903258,1036.560588822569,1018.1206862054221,0.6485872707796958
672.0,588.0,55.0,20.0,50.0,114.28571428571428,13.44,239.0,323.0,9.0,19.0,39.833333333333336,8.10878661087866,35.888888888888886,AM Nayar,824.1428571428571,263.78242677824267,1087.9252839211,1199.8182843577886,1380.0210377961878,0.7883396369510804
2675.0,2274.0,285.0,51.0,89.0,117.63412489006157,30.0561797752809,6.0,5.0,1.0,1.0,1.0,5.0,5.0,AM Rahane,3120.817062445031,110.0,3230.817062445031,4553.386067753671,4974.771709122362,0.6494402660770546
0.0,0.0,0.0,0.0,0.0,0.0,0.0,156.0,205.0,7.0,7.0,26.0,7.884615384615385,29.285714285714285,AM Salvi,0.0,224.23076923076923,224.23076923076923,379.7502771092662,232.91170970034833,0.9627286215847733
36.0,27.0,4.0,1.0,6.0,133.33333333333331,6.0,362.0,515.0,12.0,17.0,60.333333333333336,8.535911602209945,42.916666666666664,AN Ahmed,108.66666666666666,322.9281767955801,431.5948434622468,810.2099693609841,796.2118310078134,0.5420603244691191
7.0,8.0,1.0,0.0,2.0,87.5,3.5,0.0,0.0,0.0,0.0,0.0,0.0,0.0,AN Ghosh,51.75,100.0,151.75,265.40841615767437,297.64936043814765,0.5098280734640922
34.0,23.0,3.0,1.0,2.0,147.82608695652172,17.0,73.0,114.0,5.0,3.0,12.166666666666666,9.36986301369863,22.8,AP Dole,112.91304347826086,181.26027397260273,294.1733174508636,415.76175006903094,549.0214058550908,0.5358139305929137
87.0,77.0,7.0,2.0,4.0,112.98701298701299,21.75,0.0,0.0,0.0,0.0,0.0,0.0,0.0,AP Majumdar,154.4935064935065,100.0,254.4935064935065,315.3526753047707,285.55927570646435,0.8912107857953409
321.0,260.0,37.0,11.0,24.0,123.46153846153847,13.375,0.0,0.0,0.0,0.0,0.0,0.0,0.0,AP Tare,441.7307692307692,100.0,541.7307692307693,486.61043891447514,645.9663774377046,0.8386361707858586
379.0,323.0,23.0,17.0,29.0,117.3374613003096,13.068965517241379,986.0,1218.0,43.0,45.0,164.33333333333334,7.411764705882352,28.325581395348838,AR Patel,494.66873065015477,945.1764705882352,1439.84520123839,2001.0559731247151,2008.2622381370911,0.7169607503918525
2.0,6.0,0.0,0.0,1.0,33.33333333333333,2.0,97.0,138.0,4.0,6.0,16.166666666666668,8.536082474226804,34.5,AS Rajpoot,18.666666666666664,162.9278350515464,181.59450171821305,170.82974669923354,222.5599373576773,0.8159352661317995
194.0,172.0,13.0,7.0,16.0,112.79069767441861,12.125,30.0,45.0,0.0,5.0,5.0,9.0,45.0,AS Raut,277.3953488372093,82.0,359.3953488372093,772.1681800199706,680.7478942109068,0.5279419178428818
49.0,40.0,5.0,2.0,6.0,122.50000000000001,8.166666666666666,0.0,0.0,0.0,0.0,0.0,0.0,0.0,AS Yadav,119.25,100.0,219.25,404.63623623344876,400.62887463153953,0.5472645979440333
2325.0,1884.0,198.0,76.0,100.0,123.4076433121019,23.25,0.0,0.0,0.0,0.0,0.0,0.0,0.0,AT Rayudu,2736.703821656051,100.0,2836.703821656051,3866.3392242119517,4202.502122360017,0.6750035429043474
39.0,26.0,5.0,2.0,7.0,150.0,5.571428571428571,41.0,63.0,0.0,3.0,6.833333333333333,9.219512195121952,63.0,AUK Pathan,123.0,81.5609756097561,204.5609756097561,378.2957570601445,353.6973012525885,0.5783503998625973
0.0,2.0,0.0,0.0,1.0,0.0,0.0,14.0,29.0,0.0,1.0,2.3333333333333335,12.428571428571427,29.0,Abdur Razzak,0.0,75.14285714285714,75.14285714285714,27.811035504366018,126.52706946271765,0.593887596242784
0.0,0.0,0.0,0.0,0.0,0.0,0.0,162.0,206.0,8.0,8.0,27.0,7.62962962962963,25.75,Anand Rajan,0.0,244.74074074074073,244.74074074074073,217.86280526218547,291.7419279988404,0.8388946436993229
63.0,69.0,6.0,1.0,4.0,91.30434782608695,15.75,0.0,0.0,0.0,0.0,0.0,0.0,0.0,Anirudh Singh,116.65217391304347,100.0,216.65217391304347,459.84113989579737,394.30250552229865,0.5494567518054773
62.0,53.0,5.0,3.0,9.0,116.98113207547169,6.888888888888889,363.0,426.0,12.0,19.0,60.5,7.041322314049586,35.5,Ankit Sharma,131.49056603773585,325.91735537190084,457.4079214096367,913.4274841986283,842.0631296461972,0.5431990848498758
18.0,31.0,0.0,1.0,6.0,58.06451612903226,3.0,394.0,568.0,17.0,18.0,65.66666666666667,8.649746192893401,33.411764705882355,Anureet Singh,49.03225806451613,422.70050761421317,471.73276567872927,912.9285365215211,901.3473597481446,0.5233640067582173
388.0,311.0,39.0,13.0,21.0,124.7588424437299,18.476190476190474,552.0,707.0,29.0,23.0,92.0,7.684782608695652,24.379310344827587,Azhar Mahmood,515.379421221865,664.6304347826087,1180.0098560044737,1584.9834310249812,1239.876843846398,0.9517153754914863
76.0,57.0,5.0,5.0,11.0,133.33333333333331,6.909090909090909,193.0,246.0,6.0,13.0,32.166666666666664,7.647668393782384,41.0,B Akhil,157.66666666666666,204.70466321243524,362.3713298791019,475.38160205189956,524.8036548068744,0.6904893412231533
0.0,0.0,0.0,0.0,0.0,0.0,0.0,20.0,36.0,0.0,1.0,3.3333333333333335,10.799999999999999,36.0,B Brainder Sran,0.0,78.4,78.4,190.6372271906325,159.86819628505987,0.4904039816662816
280.0,256.0,28.0,7.0,21.0,109.375,13.333333333333334,6.0,20.0,0.0,1.0,1.0,20.0,20.0,B Chipli,376.6875,60.0,436.6875,870.1202224907427,775.2784275265554,0.563265382468084
0.0,0.0,0.0,0.0,0.0,0.0,0.0,49.0,91.0,1.0,2.0,8.166666666666666,11.142857142857144,91.0,B Geeves,0.0,97.71428571428571,97.71428571428571,40.922708079945764,97.73571407155414,0.9997807520262988
154.0,156.0,15.0,3.0,31.0,98.71794871794873,4.967741935483871,1730.0,2026.0,85.0,76.0,288.3333333333333,7.026589595375723,23.83529411764706,B Kumar,224.35897435897436,1785.9468208092485,2010.3057951682229,2974.524452588481,2914.1337884356662,0.6898467747588808
4.0,9.0,0.0,0.0,2.0,44.44444444444444,2.0,45.0,72.0,1.0,2.0,7.5,9.6,72.0,B Laughlin,26.22222222222222,100.8,127.02222222222221,20.0,131.0951867838994,0.9689312425452266
124.0,102.0,8.0,8.0,19.0,121.56862745098039,6.526315789473684,916.0,1126.0,25.0,38.0,152.66666666666666,7.3755458515283845,45.04,B Lee,208.7843137254902,585.2489082969432,794.0332220224334,927.3092366154378,1463.256042440849,0.5426481757067692
35.0,38.0,3.0,0.0,4.0,92.10526315789474,8.75,0.0,0.0,0.0,0.0,0.0,0.0,0.0,B Sumanth,84.05263157894737,100.0,184.05263157894737,455.22529273173865,434.1070112111766,0.4239798640096433
6.0,7.0,0.0,1.0,2.0,85.71428571428571,3.0,303.0,408.0,12.0,15.0,50.5,8.07920792079208,34.0,BA Bhatt,50.857142857142854,323.84158415841586,374.6987270155587,861.0729803883513,746.9322464239792,0.5016502217027987
3.0,6.0,0.0,0.0,3.0,50.0,1.0,248.0,306.0,8.0,10.0,41.333333333333336,7.403225806451612,38.25,BAW Mendis,28.0,245.19354838709677,273.19354838709677,393.9134731873881,393.0326305638102,0.6950912650565355
2435.0,1954.0,248.0,106.0,92.0,124.61617195496417,26.467391304347824,0.0,0.0,0.0,0.0,0.0,0.0,0.0,BB McCullum,2957.3080859774823,100.0,3057.3080859774823,4807.221867616099,5025.060722828632,0.6084121674566568
125.0,116.0,13.0,2.0,8.0,107.75862068965519,15.625,0.0,0.0,0.0,0.0,0.0,0.0,0.0,BB Samantray,195.8793103448276,100.0,295.87931034482756,523.5527665281462,433.1848810062838,0.6830324032951084
4.0,4.0,0.0,0.0,3.0,100.0,1.3333333333333333,312.0,420.0,14.0,14.0,52.0,8.076923076923077,30.0,BB Sran,54.0,363.8461538461538,417.8461538461538,484.53270957333086,497.29321704497846,0.8402410077681817
73.0,43.0,4.0,7.0,5.0,169.7674418604651,14.6,92.0,111.0,6.0,5.0,15.333333333333334,7.239130434782608,18.5,BCJ Cutting,175.88372093023256,205.52173913043478,381.40546006066734,651.788983208965,585.4733107428193,0.651448072973231
1.0,3.0,0.0,0.0,2.0,33.33333333333333,0.5,157.0,239.0,9.0,7.0,26.166666666666668,9.13375796178344,26.555555555555557,BE Hendricks,17.666666666666664,261.73248407643314,279.3991507430998,758.2062625442405,612.4919390921408,0.4561678822373337
18.0,11.0,2.0,1.0,1.0,163.63636363636365,18.0,0.0,0.0,0.0,0.0,0.0,0.0,0.0,BJ Haddin,103.81818181818183,100.0,203.8181818181818,297.8283188743608,285.08793444106686,0.7149309290053976
1400.0,1153.0,122.0,43.0,63.0,121.42237640936686,22.22222222222222,238.0,310.0,17.0,20.0,39.666666666666664,7.815126050420169,18.235294117647058,BJ Hodge,1668.7111882046834,424.3697478991597,2093.080936103843,3484.595292996669,3240.0209391360263,0.6460084596434669
193.0,146.0,21.0,5.0,8.0,132.1917808219178,24.125,7.0,12.0,0.0,1.0,1.1666666666666667,10.285714285714285,12.0,BJ Rohrer,290.0958904109589,79.42857142857143,369.5244618395303,20.0,257.49062786329233,1.4350986865266386
23.0,27.0,0.0,0.0,3.0,85.18518518518519,7.666666666666667,30.0,36.0,1.0,2.0,5.0,7.2,36.0,BMAJ Mendis,65.5925925925926,105.6,171.19259259259258,438.00261262005347,247.50260545205526,0.6916799614287494
40.0,36.0,7.0,0.0,3.0,111.11111111111111,13.333333333333334,0.0,0.0,0.0,0.0,0.0,0.0,0.0,BR Dunk,102.55555555555556,100.0,202.55555555555554,323.0255407926726,380.71865866545346,0.5320347478255484
0.0,0.0,0.0,0.0,0.0,0.0,0.0,390.0,497.0,22.0,17.0,65.0,7.6461538461538465,22.59090909090909,BW Hilfenhaus,0.0,524.7076923076924,524.7076923076924,721.1361578811523,878.1101186733752,0.5975420179651345
156.0,99.0,9.0,8.0,14.0,157.57575757575756,11.142857142857142,336.0,450.0,14.0,21.0,56.0,8.035714285714286,32.142857142857146,Bipul Sharma,259.78787878787875,363.92857142857144,623.7164502164502,955.8061649721024,904.7282071293288,0.6893964897982797
0.0,0.0,0.0,0.0,0.0,0.0,0.0,6.0,13.0,0.0,1.0,1.0,13.0,13.0,C Ganapathy,0.0,74.0,74.0,20.0,242.04660375690963,0.30572624796801157
15.0,21.0,3.0,0.0,1.0,71.42857142857143,15.0,0.0,0.0,0.0,0.0,0.0,0.0,0.0,C Madan,53.714285714285715,100.0,153.71428571428572,182.13799445706204,206.89159060564236,0.7429701964410999
30.0,31.0,3.0,0.0,3.0,96.7741935483871,10.0,12.0,15.0,0.0,2.0,2.0,7.5,15.0,C Munro,81.38709677419355,85.0,166.38709677419354,328.3171115065876,334.9253314962964,0.4967886305608791
0.0,1.0,0.0,0.0,1.0,0.0,0.0,50.0,58.0,2.0,3.0,8.333333333333334,6.959999999999999,29.0,C Nanda,0.0,126.08,126.08,514.9672649761594,240.65423727997927,0.523905173767281
21.0,26.0,2.0,0.0,3.0,80.76923076923077,7.0,0.0,0.0,0.0,0.0,0.0,0.0,0.0,CA Ingram,63.38461538461539,100.0,163.3846153846154,130.80828944655906,204.7921263143813,0.7978071145850585
89.0,85.0,6.0,4.0,5.0,104.70588235294119,17.8,0.0,0.0,0.0,0.0,0.0,0.0,0.0,CA Lynn,155.3529411764706,100.0,255.3529411764706,204.77209339277695,224.75225591899954,1.1361529615457988
390.0,403.0,50.0,4.0,22.0,96.7741935483871,17.727272727272727,0.0,0.0,0.0,0.0,0.0,0.0,0.0,CA Pujara,496.38709677419354,100.0,596.3870967741935,783.9528495379982,886.8339004449981,0.6724901883824431
3451.0,2360.0,282.0,252.0,91.0,146.22881355932202,37.92307692307692,579.0,750.0,18.0,37.0,96.5,7.772020725388601,41.666666666666664,CH Gayle,4310.114406779661,444.4559585492228,4754.570365328884,7333.6841415030685,7176.348986334113,0.6625333264007909
285.0,178.0,18.0,17.0,20.0,160.1123595505618,14.25,853.0,1066.0,42.0,39.0,142.16666666666666,7.498241500586167,25.38095238095238,CH Morris,417.0561797752809,925.0035169988276,1342.0596967741085,2085.5728536375977,1972.641231996915,0.6803364316863307
379.0,284.0,32.0,21.0,15.0,133.45070422535213,25.266666666666666,138.0,221.0,5.0,11.0,23.0,9.608695652173912,44.2,CJ Anderson,519.7253521126761,180.7826086956522,700.5079608083283,933.9599863599753,935.5292276209723,0.7487825501611561
98.0,119.0,9.0,0.0,8.0,82.35294117647058,12.25,0.0,0.0,0.0,0.0,0.0,0.0,0.0,CJ Ferguson,148.1764705882353,100.0,248.1764705882353,485.4303214259032,427.290363622747,0.5808145741553613
3.0,4.0,0.0,0.0,1.0,75.0,3.0,181.0,266.0,11.0,9.0,30.166666666666668,8.817679558011049,24.181818181818183,CJ Jordan,40.5,302.3646408839779,342.8646408839779,535.7006973097461,586.7336351873727,0.5843616597410246
8.0,15.0,0.0,0.0,1.0,53.333333333333336,8.0,42.0,60.0,1.0,2.0,7.0,8.571428571428571,60.0,CJ McKay,34.66666666666667,102.85714285714286,137.52380952380952,419.853339123937,339.6038227065661,0.4049536557856613
16.0,24.0,0.0,0.0,3.0,66.66666666666666,5.333333333333333,17.0,49.0,0.0,3.0,2.8333333333333335,17.294117647058822,49.0,CK Kapugedera,49.33333333333333,65.41176470588235,114.74509803921568,20.0,122.68970588588756,0.9352463371779448
8.0,9.0,0.0,1.0,2.0,88.88888888888889,4.0,165.0,199.0,13.0,7.0,27.5,7.236363636363636,15.307692307692308,CK Langeveldt,54.44444444444444,345.5272727272727,399.97171717171716,527.7143627309113,582.4181266132077,0.6867432500728882
971.0,774.0,76.0,38.0,45.0,125.45219638242895,21.57777777777778,46.0,86.0,1.0,6.0,7.666666666666667,11.217391304347826,86.0,CL White,1185.7260981912145,97.56521739130434,1283.2913155825188,1838.4846531092944,1865.4508810911127,0.6879255458240287
169.0,158.0,17.0,6.0,13.0,106.9620253164557,13.0,0.0,0.0,0.0,0.0,0.0,0.0,0.0,CM Gautam,251.48101265822785,100.0,351.4810126582279,204.54456877066826,360.56874404286356,0.9747961199222656
83.0,40.0,6.0,8.0,6.0,207.50000000000003,13.833333333333334,143.0,192.0,7.0,8.0,23.833333333333332,8.055944055944057,27.428571428571427,CR Brathwaite,208.75,223.8881118881119,432.6381118881119,714.246004152197,680.5782949809486,0.6356919036041587
4.0,3.0,0.0,0.0,2.0,133.33333333333331,2.0,249.0,306.0,17.0,10.0,41.5,7.373493975903615,18.0,CRD Fernando,70.66666666666666,425.2530120481928,495.9196787148594,801.4371939761131,736.6650618988632,0.6731956005033727
3.0,8.0,0.0,0.0,1.0,37.5,3.0,50.0,88.0,2.0,3.0,8.333333333333334,10.559999999999999,44.0,D Kalyankrishna,21.75,118.88,140.63,212.07241902401498,238.7707309476509,0.5889750366046009
33.0,24.0,5.0,0.0,3.0,137.5,11.0,51.0,80.0,1.0,5.0,8.5,9.411764705882353,80.0,D Salunkhe,106.75,101.17647058823529,207.9264705882353,260.16774646255,302.55841527125756,0.6872275239867965
127.0,94.0,12.0,4.0,8.0,135.1063829787234,15.875,289.0,409.0,16.0,14.0,48.166666666666664,8.491349480968859,25.5625,D Wiese,214.5531914893617,403.01730103806227,617.570492527424,614.2936617664818,704.5084358855387,0.8765977255491098
10.0,13.0,0.0,0.0,1.0,76.92307692307693,10.0,43.0,56.0,4.0,2.0,7.166666666666667,7.813953488372093,14.0,D du Preez,48.46153846153847,164.37209302325581,212.8336314847943,226.50622890125663,303.3317134894975,0.7016530814941097
1480.0,1053.0,100.0,74.0,60.0,140.55080721747387,24.666666666666668,0.0,0.0,0.0,0.0,0.0,0.0,0.0,DA Miller,1798.275403608737,100.0,1898.275403608737,2771.8511337851555,2892.759746667652,0.6562160600428284
3373.0,2440.0,338.0,134.0,100.0,138.2377049180328,33.73,0.0,0.0,0.0,0.0,0.0,0.0,0.0,DA Warner,4048.1188524590166,100.0,4148.118852459016,6045.291542553033,6160.049597575775,0.6733904957667007
12.0,9.0,1.0,0.0,1.0,133.33333333333331,12.0,25.0,32.0,3.0,1.0,4.166666666666667,7.68,10.666666666666666,DAJ Bracewell,79.66666666666666,144.64,224.30666666666664,300.899596862105,309.65388921916315,0.7243786513784413
304.0,267.0,23.0,16.0,22.0,113.85767790262172,13.818181818181818,0.0,0.0,0.0,0.0,0.0,0.0,0.0,DB Das,415.92883895131087,100.0,515.9288389513108,862.978715583212,802.8003310174344,0.6426614676372205
375.0,325.0,35.0,9.0,25.0,115.38461538461537,15.0,18.0,28.0,1.0,2.0,3.0,9.333333333333334,28.0,DB Ravi Teja,485.6923076923077,101.33333333333333,587.025641025641,1296.4062426780347,1116.4559730611734,0.5257938111218976
21.0,23.0,1.0,1.0,4.0,91.30434782608695,5.25,600.0,716.0,37.0,27.0,100.0,7.16,19.35135135135135,DE Bollinger,69.65217391304347,825.6800000000001,895.3321739130436,1381.4893171392482,1329.6744518373484,0.6733469028271324
170.0,142.0,23.0,2.0,17.0,119.71830985915493,10.0,0.0,0.0,0.0,0.0,0.0,0.0,0.0,DH Yagnik,256.85915492957747,100.0,356.85915492957747,592.0736492218996,572.596499022645,0.6232297185517098
1262.0,1032.0,102.0,48.0,81.0,122.28682170542635,15.580246913580247,2110.0,2815.0,122.0,103.0,351.6666666666667,8.004739336492891,23.07377049180328,DJ Bravo,1521.1434108527133,2523.990521327014,4045.1339321797273,6051.287003019546,5494.820725759752,0.7361721399237131
111.0,103.0,11.0,5.0,4.0,107.76699029126213,27.75,18.0,26.0,0.0,2.0,3.0,8.666666666666666,26.0,DJ Harris,185.88349514563106,82.66666666666667,268.55016181229774,20.0,150.2388996969381,1.7874875438652515
295.0,224.0,15.0,16.0,24.0,131.69642857142858,12.291666666666666,177.0,228.0,4.0,13.0,29.5,7.728813559322034,57.0,DJ Hooda,407.8482142857143,164.54237288135593,572.3905871670702,852.7400802145073,798.7910990479326,0.7165710632595859
1322.0,1101.0,90.0,60.0,61.0,120.07266121707538,21.672131147540984,323.0,485.0,8.0,26.0,53.833333333333336,9.009287925696594,60.625,DJ Hussey,1592.0363306085376,241.9814241486068,1834.0177547571443,2764.306237157507,3034.337043703497,0.6044212387555576
92.0,101.0,10.0,4.0,7.0,91.0891089108911,13.142857142857142,0.0,0.0,0.0,0.0,0.0,0.0,0.0,DJ Jacobs,155.54455445544556,100.0,255.54455445544556,926.4144293650168,354.34237816738363,0.7211797690614693
1.0,3.0,0.0,0.0,1.0,33.33333333333333,1.0,84.0,108.0,4.0,6.0,14.0,7.714285714285714,27.0,DJ Muthuswami,17.666666666666664,164.57142857142856,182.2380952380952,230.94524297492435,272.24542314139495,0.6693890135425601
39.0,54.0,2.0,2.0,4.0,72.22222222222221,9.75,44.0,40.0,3.0,4.0,7.333333333333333,5.454545454545455,13.333333333333334,DJ Thornely,81.11111111111111,149.0909090909091,230.2020202020202,411.7884303287288,418.68967484393744,0.5498153740901918
295.0,251.0,15.0,18.0,20.0,117.52988047808766,14.75,244.0,354.0,11.0,19.0,40.666666666666664,8.704918032786885,32.18181818181818,DJG Sammy,404.7649402390438,302.59016393442624,707.3551041734701,1053.3793774198307,1024.5973591906977,0.6903737334753538
0.0,0.0,0.0,0.0,0.0,0.0,0.0,33.0,42.0,0.0,2.0,5.5,7.636363636363637,42.0,DL Chahar,0.0,84.72727272727272,84.72727272727272,20.0,171.29948560248837,0.49461486956176787
121.0,118.0,11.0,2.0,16.0,102.54237288135593,7.5625,785.0,894.0,28.0,34.0,130.83333333333334,6.83312101910828,31.928571428571427,DL Vettori,187.27118644067798,646.3337579617835,833.6049444024615,1502.377907849028,1468.0858403870038,0.5678175767860508
11.0,9.0,1.0,0.0,2.0,122.22222222222223,5.5,69.0,100.0,2.0,3.0,11.5,8.695652173913043,50.0,DNT Zoysa,73.11111111111111,122.6086956521739,195.71980676328502,459.3665086085938,452.27651745186444,0.43274368491641924
4.0,13.0,0.0,0.0,2.0,30.76923076923077,2.0,689.0,815.0,28.0,29.0,114.83333333333333,7.097242380261249,29.107142857142858,DP Nannes,19.384615384615387,645.8055152394775,665.1901306240928,1172.1925544134679,1109.2462768481369,0.5996775869414631
1.0,1.0,0.0,0.0,1.0,100.0,1.0,159.0,205.0,4.0,9.0,26.5,7.735849056603773,51.25,DP Vijaykumar,51.0,164.52830188679246,215.52830188679246,122.78997702494718,190.59440025121182,1.1308217954080322
1808.0,1522.0,200.0,40.0,78.0,118.7910643889619,23.17948717948718,0.0,0.0,0.0,0.0,0.0,0.0,0.0,DPMD Jayawardene,2147.395532194481,100.0,2247.395532194481,3680.3825136918617,3703.5120001123564,0.6068282031018936
19.0,26.0,1.0,0.0,1.0,73.07692307692307,19.0,0.0,0.0,0.0,0.0,0.0,0.0,0.0,DR Martyn,56.53846153846153,100.0,156.53846153846155,20.0,124.33633306708627,1.2589921037320642
2146.0,1645.0,213.0,109.0,77.0,130.45592705167172,27.87012987012987,475.0,674.0,24.0,37.0,79.16666666666667,8.513684210526316,28.083333333333332,DR Smith,2642.227963525836,562.9726315789474,3205.200595104783,4937.191615643761,4752.444989775693,0.6744319191490659
89.0,99.0,6.0,2.0,15.0,89.8989898989899,5.933333333333334,1367.0,1745.0,73.0,66.0,227.83333333333334,7.659107534747622,23.904109589041095,DS Kulkarni,143.94949494949495,1544.6817849305048,1688.6312798799997,3015.9003340119207,2715.657318053501,0.6218130942568109
18.0,19.0,3.0,0.0,2.0,94.73684210526315,9.0,0.0,0.0,0.0,0.0,0.0,0.0,0.0,DS Lehmann,68.36842105263158,100.0,168.36842105263156,34.1583877210787,138.1213678439326,1.218988949218024
341.0,299.0,17.0,13.0,22.0,114.0468227424749,15.5,498.0,653.0,19.0,23.0,83.0,7.867469879518072,34.36842105263158,DT Christian,441.02341137123744,464.26506024096386,905.2884716122013,1233.0749295486135,1197.5087340583318,0.7559765084503374
13.0,13.0,1.0,0.0,2.0,100.0,6.5,0.0,0.0,0.0,0.0,0.0,0.0,0.0,DT Patil,64.0,100.0,164.0,267.97121294350154,291.5987900485595,0.5624165997831793
166.0,161.0,14.0,3.0,32.0,103.1055900621118,5.1875,2159.0,2375.0,92.0,90.0,359.8333333333333,6.6002779064381665,25.815217391304348,DW Steyn,237.5527950310559,1926.7994441871238,2164.3522392181794,3135.5216425747926,3118.8869005424513,0.693950216290865
789.0,663.0,66.0,32.0,41.0,119.00452488687783,19.24390243902439,0.0,0.0,0.0,0.0,0.0,0.0,0.0,EJG Morgan,978.5022624434389,100.0,1078.502262443439,1275.861875995622,1437.6095830590236,0.750205254022127
24.0,15.0,2.0,2.0,2.0,160.0,12.0,0.0,0.0,0.0,0.0,0.0,0.0,0.0,ER Dwivedi,110.0,100.0,210.0,330.1168197061656,277.61554458881403,0.7564417918709785
14.0,13.0,2.0,0.0,3.0,107.6923076923077,4.666666666666667,0.0,0.0,0.0,0.0,0.0,0.0,0.0,F Behardien,69.84615384615384,100.0,169.84615384615384,20.55165548140988,285.36259219795585,0.5951941792298119
1287.0,1036.0,109.0,38.0,45.0,124.22779922779922,28.6,6.0,16.0,0.0,1.0,1.0,16.0,16.0,F du Plessis,1534.1138996138995,68.0,1602.1138996138995,2507.5888885793165,2389.5828516687952,0.6704575647984096
4.0,5.0,0.0,0.0,2.0,80.0,2.0,150.0,160.0,5.0,6.0,25.0,6.4,32.0,FH Edwards,44.0,187.2,231.2,144.08460700964312,226.79296198122447,1.0194319875726143
183.0,179.0,22.0,1.0,11.0,102.23463687150837,16.636363636363637,12.0,20.0,0.0,2.0,2.0,10.0,20.0,FY Fazal,258.1173184357542,80.0,338.1173184357542,848.9067590749394,712.6400383033963,0.47445737014821726
3634.0,3028.0,422.0,51.0,130.0,120.01321003963012,27.953846153846154,0.0,0.0,0.0,0.0,0.0,0.0,0.0,G Gambhir,4218.006605019815,100.0,4318.006605019815,6304.3175930844245,6108.8255702309425,0.7068472581803598
22.0,22.0,1.0,0.0,4.0,100.0,5.5,466.0,585.0,23.0,21.0,77.66666666666667,7.532188841201716,25.434782608695652,GB Hogg,73.0,544.9356223175965,617.9356223175965,855.8950519330151,961.2935822827847,0.6428167561986468
739.0,691.0,94.0,9.0,29.0,106.9464544138929,25.482758620689655,0.0,0.0,0.0,0.0,0.0,0.0,0.0,GC Smith,904.4732272069465,100.0,1004.4732272069465,1686.0747697335114,1635.1468032401854,0.614301557032369
4.0,5.0,1.0,0.0,2.0,80.0,2.0,329.0,366.0,12.0,14.0,54.833333333333336,6.674772036474164,30.5,GD McGrath,45.0,326.65045592705167,371.65045592705167,286.09373164994713,374.3996180077306,0.9926571450705322
280.0,323.0,23.0,1.0,21.0,86.687306501548,13.333333333333334,37.0,39.0,1.0,5.0,6.166666666666667,6.324324324324324,39.0,GH Vihari,348.34365325077397,107.35135135135135,455.6950046021253,733.6930558184689,713.629518170635,0.6385596349353428
663.0,552.0,59.0,19.0,36.0,120.1086956521739,18.416666666666668,0.0,0.0,0.0,0.0,0.0,0.0,0.0,GJ Bailey,820.054347826087,100.0,920.054347826087,1668.2814051690877,1524.4122409160818,0.603546942966811
919.0,594.0,76.0,56.0,42.0,154.7138047138047,21.88095238095238,219.0,357.0,4.0,25.0,36.5,9.780821917808218,89.25,GJ Maxwell,1184.3569023569023,160.43835616438355,1344.7952585212859,1662.7736942406098,1756.7102265956742,0.765519115310988
15.0,16.0,1.0,0.0,1.0,93.75,15.0,24.0,28.0,1.0,1.0,4.0,7.0,28.0,GR Napier,62.875,106.0,168.875,294.02072129557257,293.0491117894124,0.5762685952836295
0.0,0.0,0.0,0.0,0.0,0.0,0.0,48.0,86.0,1.0,2.0,8.0,10.75,86.0,GS Sandhu,0.0,98.5,98.5,205.04916702859552,176.36419305564064,0.55850339172263
0.0,0.0,0.0,0.0,0.0,0.0,0.0,84.0,142.0,3.0,4.0,14.0,10.142857142857142,47.333333333333336,Gagandeep Singh,0.0,139.71428571428572,139.71428571428572,381.9483627439996,378.9469699283267,0.36869086389768735
342.0,280.0,36.0,9.0,24.0,122.14285714285715,14.25,82.0,97.0,5.0,6.0,13.666666666666666,7.097560975609756,19.4,Gurkeerat Singh,457.07142857142856,185.8048780487805,642.8763066202091,691.5905745583865,776.469118114038,0.8279483261120393
2.0,5.0,0.0,0.0,1.0,40.0,2.0,0.0,0.0,0.0,0.0,0.0,0.0,0.0,H Das,22.0,100.0,122.0,20.0,105.4967745108763,1.1564334603179955
886.0,837.0,83.0,31.0,36.0,105.8542413381123,24.61111111111111,0.0,0.0,0.0,0.0,0.0,0.0,0.0,HH Gibbs,1083.9271206690562,100.0,1183.9271206690562,1890.9687762423985,1788.6697297053067,0.6619037047516395
156.0,134.0,13.0,8.0,17.0,116.4179104477612,9.176470588235293,213.0,333.0,4.0,18.0,35.5,9.380281690140846,83.25,HH Pandya,243.2089552238806,161.2394366197183,404.44839184359887,672.1520068463497,729.5614329163187,0.5543719467555647
157.0,122.0,20.0,4.0,6.0,128.68852459016392,26.166666666666668,0.0,0.0,0.0,0.0,0.0,0.0,0.0,HM Amla,249.34426229508196,100.0,349.344262295082,579.245258104272,491.92967816209426,0.7101508158651298
47.0,38.0,2.0,3.0,12.0,123.6842105263158,3.9166666666666665,682.0,956.0,31.0,33.0,113.66666666666667,8.410557184750733,30.838709677419356,HV Patel,116.84210526315789,703.1788856304986,820.0209908936565,1306.4166655907477,1263.0190685774949,0.6492546401672499
783.0,574.0,76.0,40.0,75.0,136.41114982578398,10.44,2742.0,3184.0,119.0,123.0,457.0,6.967177242888402,26.756302521008404,Harbhajan Singh,1007.205574912892,2466.065645514223,3473.2712204271147,5059.974434315683,4879.989089108031,0.7117374971553394
18.0,12.0,3.0,0.0,4.0,150.0,4.5,574.0,747.0,27.0,28.0,95.66666666666667,7.808362369337979,27.666666666666668,Harmeet Singh,96.0,624.383275261324,720.383275261324,1131.7823944227412,1049.8695814431985,0.6861645369999694
20.0,26.0,0.0,0.0,3.0,76.92307692307693,6.666666666666667,0.0,0.0,0.0,0.0,0.0,0.0,0.0,Harpreet Singh,58.46153846153847,100.0,158.46153846153845,302.30916179220776,229.1310561173718,0.6915759964915753
7.0,4.0,1.0,0.0,1.0,175.0,7.0,6.0,23.0,0.0,1.0,1.0,23.0,23.0,I Malhotra,95.5,54.0,149.5,66.74922609543742,266.6329220102407,0.5606959518459543
37.0,46.0,2.0,1.0,14.0,80.43478260869566,2.642857142857143,1599.0,2101.0,58.0,70.0,266.5,7.8836772983114445,36.224137931034484,I Sharma,81.21739130434783,1244.232645403377,1325.4500367077248,2399.5425165395727,2297.867330546045,0.5768174772704378
0.0,2.0,0.0,0.0,1.0,0.0,0.0,469.0,609.0,18.0,24.0,78.16666666666667,7.791044776119403,33.833333333333336,IC Pandey,0.0,444.4179104477612,444.4179104477612,771.0979283192856,789.0028723069901,0.563265263088731
1148.0,982.0,88.0,38.0,81.0,116.90427698574337,14.17283950617284,2101.0,2685.0,80.0,100.0,350.1666666666667,7.667777248929081,33.5625,IK Pathan,1370.4521384928717,1684.664445502142,3055.1165839950136,4320.0153249230725,4306.746875705407,0.7093791839100395
43.0,60.0,3.0,0.0,5.0,71.66666666666667,8.6,0.0,0.0,0.0,0.0,0.0,0.0,0.0,IR Jaggi,81.83333333333334,100.0,181.83333333333334,417.50746650767417,410.71982893107065,0.4427186625164125
18.0,23.0,3.0,0.0,5.0,78.26086956521739,3.6,448.0,632.0,29.0,20.0,74.66666666666667,8.464285714285714,21.79310344827586,Imran Tahir,60.130434782608695,663.0714285714286,723.2018633540373,869.9041982094445,940.4497809057331,0.7689957274034691
83.0,79.0,9.0,1.0,12.0,105.0632911392405,6.916666666666667,909.0,1070.0,38.0,46.0,151.5,7.0627062706270625,28.157894736842106,Iqbal Abdulla,146.53164556962025,845.8745874587459,992.4062330283662,1662.146394601269,1609.7163677279639,0.6165099969935071
42.0,41.0,5.0,0.0,5.0,102.4390243902439,8.4,0.0,0.0,0.0,0.0,0.0,0.0,0.0,Ishan Kishan,98.21951219512195,100.0,198.21951219512195,552.7773513107463,497.9409158878791,0.3980783781177662
23.0,24.0,5.0,0.0,3.0,95.83333333333334,7.666666666666667,0.0,0.0,0.0,0.0,0.0,0.0,0.0,J Arunkumar,75.91666666666667,100.0,175.91666666666669,82.9303038624837,145.51356416440436,1.2089365529382006
409.0,364.0,39.0,5.0,28.0,112.36263736263736,14.607142857142858,709.0,818.0,25.0,34.0,118.16666666666667,6.922425952045134,32.72,J Botha,514.1813186813187,586.1551480959097,1100.3364667772285,1862.9106422389666,1835.7999586471751,0.5993771062006563
48.0,33.0,4.0,2.0,5.0,145.45454545454547,9.6,253.0,369.0,10.0,13.0,42.166666666666664,8.75098814229249,36.9,J Suchith,128.72727272727275,282.498023715415,411.22529644268775,707.8482146865396,697.9218799283858,0.5892139339217791
29.0,27.0,4.0,0.0,5.0,107.40740740740742,5.8,196.0,286.0,8.0,11.0,32.666666666666664,8.755102040816327,35.75,J Syed Mohammad,86.70370370370371,242.48979591836735,329.19349962207104,675.0387332017236,658.8862767300269,0.4996211201359644
10.0,13.0,1.0,0.0,4.0,76.92307692307693,2.5,235.0,311.0,11.0,10.0,39.166666666666664,7.940425531914894,28.272727272727273,J Theron,49.46153846153847,304.1191489361702,353.58068739770863,948.5774700648315,872.3297213587992,0.4053291762740213
6.0,12.0,0.0,0.0,2.0,50.0,3.0,146.0,154.0,4.0,8.0,24.333333333333332,6.328767123287672,38.5,J Yadav,31.0,167.34246575342468,198.34246575342468,243.41032989291966,258.13224987361815,0.7683753806451281
975.0,712.0,61.0,55.0,67.0,136.93820224719101,14.552238805970148,1807.0,2409.0,85.0,87.0,301.1666666666667,7.998893193137797,28.341176470588234,JA Morkel,1214.4691011235955,1784.0022136137245,2998.47131473732,4331.522617724563,4220.567524560397,0.7104426827170909
255.0,189.0,23.0,11.0,14.0,134.92063492063494,18.214285714285715,0.0,0.0,0.0,0.0,0.0,0.0,0.0,JC Buttler,367.46031746031747,100.0,467.46031746031747,505.06962092239826,612.9492970881616,0.7626410857814913
604.0,466.0,69.0,19.0,29.0,129.6137339055794,20.82758620689655,241.0,314.0,8.0,16.0,40.166666666666664,7.817427385892117,39.25,JD Ryder,775.8068669527897,244.36514522821577,1020.1720121810055,1350.3875119647432,1403.469593714693,0.7268928495136269
3.0,8.0,0.0,0.0,4.0,37.5,0.75,716.0,998.0,32.0,34.0,119.33333333333333,8.363128491620111,31.1875,JD Unadkat,21.75,723.2737430167598,745.0237430167598,1100.536167760357,1171.7186455913052,0.6358384291484798
106.0,110.0,6.0,5.0,11.0,96.36363636363636,9.636363636363637,244.0,362.0,9.0,14.0,40.666666666666664,8.901639344262296,40.22222222222222,JDP Oram,170.1818181818182,262.1967213114754,432.3785394932936,723.7852704177216,803.5003980926351,0.5381186375509983
42.0,46.0,3.0,1.0,3.0,91.30434782608695,14.0,57.0,96.0,1.0,4.0,9.5,10.105263157894736,96.0,JDS Neesham,92.65217391304347,99.78947368421052,192.441647597254,349.6674808730813,391.822244514466,0.4911452840961639
3.0,4.0,0.0,0.0,2.0,75.0,1.5,122.0,167.0,6.0,5.0,20.333333333333332,8.213114754098362,27.833333333333332,JE Taylor,40.5,203.57377049180326,244.07377049180326,548.4886822894144,420.2222428019636,0.5808206839894168
327.0,309.0,25.0,9.0,16.0,105.8252427184466,20.4375,155.0,225.0,9.0,15.0,25.833333333333332,8.70967741935484,25.0,JEC Franklin,422.9126213592233,262.5806451612903,685.4932665205135,1031.1065673358676,939.2354907070653,0.7298417418239463
2427.0,2291.0,255.0,44.0,95.0,105.93627237014405,25.54736842105263,1799.0,2348.0,65.0,89.0,299.8333333333333,7.8310172317954425,36.12307692307692,JH Kallis,2822.968136185072,1384.3379655364092,4207.306101721481,6631.435512356847,5897.138542251474,0.7134487466382585
9.0,15.0,1.0,0.0,4.0,60.0,2.25,711.0,978.0,26.0,31.0,118.5,8.253164556962025,37.61538461538461,JJ Bumrah,40.0,603.493670886076,643.493670886076,906.8887553529995,984.078052383928,0.6539051138547529
18.0,17.0,1.0,1.0,3.0,105.88235294117648,6.0,76.0,134.0,3.0,3.0,12.666666666666666,10.578947368421053,44.666666666666664,JJ van der Wath,73.94117647058823,138.8421052631579,212.78328173374612,918.9200033521493,718.6438170814016,0.29609004721965615
26.0,25.0,1.0,1.0,2.0,104.0,13.0,47.0,58.0,3.0,5.0,7.833333333333333,7.404255319148937,19.333333333333332,JM Kemp,81.0,145.1914893617021,226.1914893617021,477.2348729680298,304.26044088468603,0.7434140590344709
38.0,32.0,4.0,2.0,5.0,118.75,7.6,228.0,313.0,5.0,11.0,38.0,8.236842105263158,62.6,JO Holder,105.375,183.5263157894737,288.9013157894737,244.36518778729345,368.9459274815044,0.7830451409548533
1993.0,1634.0,123.0,78.0,73.0,121.97062423500613,27.301369863013697,683.0,811.0,23.0,47.0,113.83333333333333,7.124450951683748,35.26086956521739,JP Duminy,2332.985312117503,545.7510980966325,2878.7364102141355,4081.993377970807,4175.697336903885,0.6894025543404458
473.0,346.0,32.0,23.0,39.0,136.7052023121387,12.128205128205128,1123.0,1570.0,53.0,52.0,187.16666666666666,8.388245770258237,29.62264150943396,JP Faulkner,619.3526011560693,1143.2235084594836,1762.576109615553,2750.2400697142466,2487.424494678072,0.7085948190132579
417.0,314.0,49.0,11.0,19.0,132.80254777070064,21.94736842105263,369.0,562.0,14.0,20.0,61.5,9.138211382113822,40.142857142857146,JR Hopes,554.4012738853503,361.7235772357724,916.1248511211227,1324.9180224469405,1195.7125861664272,0.7661747996299927
0.0,0.0,0.0,0.0,0.0,0.0,0.0,61.0,66.0,3.0,3.0,10.166666666666666,6.491803278688525,22.0,JW Hastings,0.0,147.01639344262296,147.01639344262296,377.9479920778558,344.74423638462986,0.4264506202754825
8.0,11.0,0.0,0.0,4.0,72.72727272727273,2.0,111.0,174.0,6.0,7.0,18.5,9.405405405405405,29.0,Jaskaran Singh,44.36363636363637,201.1891891891892,245.55282555282557,472.66904956250863,466.60224738043854,0.5262572714370513
36.0,30.0,1.0,2.0,5.0,120.0,7.2,272.0,421.0,12.0,15.0,45.333333333333336,9.286764705882353,35.083333333333336,Joginder Sharma,101.0,321.4264705882353,422.4264705882353,617.582328775471,667.2471481257925,0.633088461711338
218.0,239.0,17.0,9.0,16.0,91.21338912133892,13.625,67.0,94.0,0.0,6.0,11.166666666666666,8.417910447761194,94.0,K Goel,298.60669456066944,83.16417910447761,381.77087366514706,385.95455199659466,433.5033626391024,0.8806641575765045
0.0,0.0,0.0,0.0,0.0,0.0,0.0,51.0,91.0,3.0,2.0,8.5,10.705882352941176,30.333333333333332,K Santokie,0.0,138.58823529411765,138.58823529411765,20.0,104.27823344415702,1.3290236199516583
12.0,9.0,0.0,1.0,2.0,133.33333333333331,6.0,56.0,81.0,0.0,3.0,9.333333333333334,8.678571428571429,81.0,K Upadhyay,80.66666666666666,82.64285714285714,163.3095238095238,146.5163107598654,216.1121602601891,0.7556702205600399
1959.0,1380.0,131.0,125.0,96.0,141.95652173913044,20.40625,1264.0,1755.0,56.0,80.0,210.66666666666666,8.330696202531646,31.339285714285715,KA Pollard,2410.978260869565,1203.3386075949368,3614.3168684645016,5610.294796118549,5354.747724412088,0.6749742573281222
10.0,9.0,1.0,0.0,1.0,111.11111111111111,10.0,52.0,80.0,0.0,2.0,8.666666666666666,9.230769230769232,80.0,KAJ Roach,66.55555555555556,81.53846153846153,148.0940170940171,269.3445861544141,270.83197051830246,0.5468114300191494
51.0,53.0,4.0,1.0,8.0,96.22641509433963,6.375,0.0,0.0,0.0,0.0,0.0,0.0,0.0,KB Arun Karthik,105.11320754716982,100.0,205.11320754716982,33.00832570049306,182.4844791833502,1.1240035780855835
13.0,11.0,0.0,1.0,2.0,118.18181818181819,6.5,117.0,188.0,4.0,6.0,19.5,9.64102564102564,47.0,KC Cariappa,74.0909090909091,160.71794871794873,234.80885780885782,390.39635622048974,424.67991634871004,0.5529078460495253
1687.0,1424.0,195.0,27.0,68.0,118.4691011235955,24.808823529411764,0.0,0.0,0.0,0.0,0.0,0.0,0.0,KC Sangakkara,1995.2345505617977,100.0,2095.2345505617977,3227.806910937705,3337.960063374537,0.6276991068741559
2542.0,2092.0,256.0,60.0,121.0,121.51051625239006,21.00826446280992,0.0,0.0,0.0,0.0,0.0,0.0,0.0,KD Karthik,2978.7552581261953,100.0,3078.7552581261953,4423.259290371091,5149.348915101973,0.5978921430429475
237.0,127.0,22.0,13.0,8.0,186.61417322834646,29.625,194.0,238.0,6.0,11.0,32.333333333333336,7.360824742268041,39.666666666666664,KH Pandya,378.3070866141732,205.2783505154639,583.5854371296371,909.271590415807,901.0952735326126,0.6476401045161134
13.0,8.0,0.0,1.0,3.0,162.5,4.333333333333333,102.0,182.0,2.0,5.0,17.0,10.705882352941176,91.0,KJ Abbott,96.25,118.58823529411765,214.83823529411765,335.09125789592156,405.0605163292569,0.530385526688769
116.0,70.0,9.0,8.0,12.0,165.71428571428572,9.666666666666666,600.0,789.0,33.0,25.0,100.0,7.89,23.90909090909091,KK Cooper,223.85714285714286,744.22,968.0771428571429,1200.112705800601,1194.9276311854044,0.810155458449631
877.0,700.0,96.0,20.0,37.0,125.28571428571429,23.7027027027027,0.0,0.0,0.0,0.0,0.0,0.0,0.0,KK Nair,1075.642857142857,100.0,1175.642857142857,1842.3495300437723,1743.3801701052416,0.6743468104675573
725.0,592.0,61.0,24.0,30.0,122.46621621621621,24.166666666666668,0.0,0.0,0.0,0.0,0.0,0.0,0.0,KL Rahul,895.2331081081081,100.0,995.2331081081081,1616.491884558423,1544.9002310041847,0.6442054238422936
626.0,490.0,47.0,23.0,44.0,127.75510204081633,14.227272727272727,0.0,0.0,0.0,0.0,0.0,0.0,0.0,KM Jadhav,782.8775510204082,100.0,882.8775510204082,1563.1083337610205,1418.3029880019392,0.6224886773059531
5.0,3.0,1.0,0.0,1.0,166.66666666666669,5.0,107.0,122.0,5.0,5.0,17.833333333333332,6.841121495327103,24.4,KMDN Kulasekara,89.33333333333334,186.3177570093458,275.65109034267914,645.8197576096859,468.0165580198085,0.5889772180475128
2.0,4.0,0.0,0.0,3.0,50.0,0.6666666666666666,222.0,291.0,9.0,13.0,37.0,7.864864864864865,32.333333333333336,KP Appanna,27.0,264.27027027027026,291.27027027027026,133.15575759573,278.0142524415145,1.0476810728670984
1001.0,758.0,91.0,40.0,36.0,132.05804749340368,27.805555555555557,180.0,218.0,7.0,13.0,30.0,7.266666666666667,31.142857142857142,KP Pietersen,1238.0290237467018,225.46666666666667,1463.4956904133685,1988.4711182266612,1965.1318488038942,0.7447315513735866
155.0,155.0,15.0,1.0,8.0,100.0,19.375,6.0,7.0,0.0,1.0,1.0,7.0,7.0,KS Williamson,222.0,86.0,308.0,575.5553890235476,509.9433349332675,0.6039886765856164
268.0,243.0,13.0,12.0,28.0,110.28806584362141,9.571428571428571,857.0,1140.0,36.0,46.0,142.83333333333334,7.981330221703617,31.666666666666668,KV Sharma,360.1440329218107,804.0373395565928,1164.1813724784035,1859.5519974815509,1903.1705717804343,0.6117062704418031
36.0,39.0,2.0,1.0,4.0,92.3076923076923,9.0,326.0,450.0,18.0,14.0,54.333333333333336,8.282208588957054,25.0,KW Richardson,86.15384615384616,443.4355828220859,529.589428975932,907.9422706600039,809.0318871051421,0.6545964842880245
128.0,78.0,13.0,8.0,6.0,164.1025641025641,21.333333333333332,0.0,0.0,0.0,0.0,0.0,0.0,0.0,Kamran Akmal,239.05128205128204,100.0,339.05128205128204,1358.0302539054753,1047.3497824936378,0.323723065320197
3.0,5.0,0.0,0.0,1.0,60.0,3.0,177.0,248.0,10.0,9.0,29.5,8.40677966101695,24.8,Kamran Khan,33.0,283.1864406779661,316.1864406779661,600.1500589470976,522.8313394405853,0.6047580105207094
12.0,17.0,1.0,0.0,4.0,70.58823529411765,3.0,213.0,323.0,12.0,9.0,35.5,9.098591549295774,26.916666666666668,Karanveer Singh,48.294117647058826,321.80281690140845,370.0969345484673,805.5158254469915,792.3837460711505,0.4670678019122759
0.0,0.0,0.0,0.0,0.0,0.0,0.0,74.0,102.0,6.0,3.0,12.333333333333334,8.27027027027027,17.0,Kuldeep Yadav,0.0,203.45945945945945,203.45945945945945,515.5282635786946,432.0132777589702,0.4709564958625508
0.0,2.0,0.0,0.0,1.0,0.0,0.0,45.0,76.0,3.0,3.0,7.5,10.133333333333333,25.333333333333332,L Ablish,0.0,139.73333333333335,139.73333333333335,353.21926582126235,339.5132654293773,0.41156958375872205
36.0,50.0,2.0,1.0,13.0,72.0,2.769230769230769,1574.0,2083.0,76.0,73.0,262.3333333333333,7.940279542566709,27.407894736842106,L Balaji,76.0,1604.1194409148666,1680.1194409148666,2450.6683453143573,2447.9757717222556,0.6863300937544945
34.0,37.0,6.0,1.0,5.0,91.8918918918919,6.8,0.0,0.0,0.0,0.0,0.0,0.0,0.0,L Ronchi,87.94594594594595,100.0,187.94594594594594,449.25706171661386,424.0646866383361,0.4432011244224063
81.0,71.0,11.0,0.0,5.0,114.08450704225352,16.2,7.0,6.0,1.0,1.0,1.1666666666666667,5.142857142857142,6.0,LA Carseldine,149.04225352112675,109.71428571428572,258.75653923541245,217.74168536927297,248.13446249841243,1.042807744760839
302.0,251.0,25.0,13.0,16.0,120.3187250996016,18.875,0.0,0.0,0.0,0.0,0.0,0.0,0.0,LA Pomersbach,413.1593625498008,100.0,513.1593625498008,717.5250873666839,758.410695006359,0.6766246387723978
106.0,63.0,16.0,3.0,5.0,168.25396825396825,21.2,75.0,125.0,2.0,6.0,12.5,10.0,62.5,LJ Wright,212.12698412698413,120.0,332.1269841269841,391.17713166691806,684.0608339684953,0.4855225845926451
942.0,762.0,99.0,36.0,22.0,123.62204724409449,42.81818181818182,18.0,34.0,1.0,1.0,3.0,11.333333333333334,34.0,LMP Simmons,1174.8110236220473,97.33333333333333,1272.1443569553805,1926.2682113879437,1782.5468449571918,0.7136667182432063
40.0,27.0,5.0,1.0,3.0,148.14814814814815,13.333333333333334,6.0,21.0,0.0,1.0,1.0,21.0,21.0,LPC Silva,121.07407407407408,58.0,179.07407407407408,778.9488893759352,210.98989349878195,0.8487329468940078
405.0,358.0,33.0,16.0,33.0,113.12849162011173,12.272727272727273,326.0,458.0,15.0,27.0,54.333333333333336,8.429447852760736,30.533333333333335,LR Shukla,526.5642458100558,383.1411042944785,909.7053501045343,952.8618970371301,1075.7321192347931,0.8456616046303799
1017.0,847.0,66.0,46.0,54.0,120.07083825265643,18.833333333333332,13.0,24.0,0.0,2.0,2.1666666666666665,11.076923076923078,24.0,LRPL Taylor,1235.0354191263282,77.84615384615384,1312.881572972482,2120.6295569477447,2387.386109626079,0.5499242739491813
0.0,1.0,0.0,0.0,1.0,0.0,0.0,176.0,245.0,7.0,10.0,29.333333333333332,8.352272727272728,35.0,M Ashwin,0.0,223.29545454545456,223.29545454545456,20.0,98.01582372871474,2.2781572000403223
259.0,258.0,22.0,6.0,22.0,100.3875968992248,11.772727272727273,0.0,0.0,0.0,0.0,0.0,0.0,0.0,M Kaif,343.1937984496124,100.0,443.1937984496124,560.7387811857244,605.3395488445932,0.732140827896563
113.0,109.0,7.0,1.0,14.0,103.6697247706422,8.071428571428571,1182.0,1418.0,31.0,55.0,197.0,7.197969543147208,45.74193548387097,M Kartik,173.83486238532112,705.6040609137056,879.4389232990267,1559.251086437186,1626.9312696168172,0.540550753263324
73.0,78.0,9.0,0.0,4.0,93.58974358974359,18.25,0.0,0.0,0.0,0.0,0.0,0.0,0.0,M Klinger,128.7948717948718,100.0,228.7948717948718,357.3648178863894,313.5445357589122,0.7297045417841204
514.0,486.0,43.0,10.0,38.0,105.76131687242798,13.526315789473685,42.0,42.0,0.0,3.0,7.0,6.0,42.0,M Manhas,629.8806584362139,88.0,717.8806584362139,839.1989541397168,986.6102905230921,0.7276233233444179
126.0,93.0,11.0,5.0,20.0,135.48387096774192,6.3,1699.0,2136.0,77.0,70.0,283.1666666666667,7.543260741612713,27.74025974025974,M Morkel,214.74193548387098,1624.9134785167746,1839.6554140006456,2601.77238516102,2656.055527351254,0.6926268653107709
20.0,30.0,1.0,0.0,9.0,66.66666666666666,2.2222222222222223,1581.0,1765.0,64.0,66.0,263.5,6.698292220113852,27.578125,M Muralitharan,54.33333333333333,1366.6034155597722,1420.9367488931055,2281.2433803934982,1954.481447862579,0.7270147027729744
11.0,19.0,2.0,0.0,2.0,57.89473684210527,5.5,213.0,257.0,7.0,9.0,35.5,7.23943661971831,36.714285714285715,M Ntini,41.94736842105263,225.5211267605634,267.46849518161605,240.1709217013114,298.90995235076707,0.894812946434601
55.0,70.0,4.0,1.0,11.0,78.57142857142857,5.0,0.0,0.0,0.0,0.0,0.0,0.0,0.0,M Rawat,100.28571428571428,100.0,200.28571428571428,348.15353496492537,302.159438437145,0.6628477843407746
2511.0,2092.0,237.0,89.0,99.0,120.02868068833652,25.363636363636363,37.0,49.0,0.0,4.0,6.166666666666667,7.945945945945946,49.0,M Vijay,2986.0143403441684,84.10810810810811,3070.1224484522763,4615.231388511242,5092.181103539429,0.6029091240133471
728.0,580.0,72.0,26.0,32.0,125.51724137931035,22.75,0.0,0.0,0.0,0.0,0.0,0.0,0.0,M Vohra,914.7586206896551,100.0,1014.7586206896551,1378.4725634931951,1466.5208138569744,0.6919496887472213
1.0,2.0,0.0,0.0,1.0,50.0,1.0,116.0,171.0,5.0,5.0,19.333333333333332,8.844827586206897,34.2,M de Lange,26.0,182.31034482758622,208.31034482758622,785.1640305442359,587.3298224358889,0.35467353583994915
788.0,663.0,79.0,33.0,45.0,118.85369532428356,17.511111111111113,0.0,0.0,0.0,0.0,0.0,0.0,0.0,MA Agarwal,992.4268476621418,100.0,1092.4268476621419,1778.407246246002,1666.0443239984845,0.6557009510049119
24.0,22.0,2.0,1.0,3.0,109.09090909090908,8.0,30.0,52.0,2.0,2.0,5.0,10.4,26.0,MA Khote,82.54545454545453,119.2,201.74545454545455,20.0,81.12761557024218,2.4867667208926982
96.0,98.0,10.0,0.0,11.0,97.95918367346938,8.727272727272727,612.0,725.0,34.0,26.0,102.0,7.107843137254902,21.323529411764707,MA Starc,154.9795918367347,765.7843137254902,920.7639055622249,1422.2554552909642,1341.85141927901,0.6861891654569031
0.0,0.0,0.0,0.0,0.0,0.0,0.0,19.0,33.0,0.0,1.0,3.1666666666666665,10.421052631578949,33.0,MB Parmar,0.0,79.15789473684211,79.15789473684211,20.0,141.80766332571915,0.5582060438794744
692.0,564.0,59.0,23.0,39.0,122.69503546099291,17.743589743589745,770.0,1007.0,37.0,43.0,128.33333333333334,7.846753246753246,27.216216216216218,MC Henriques,858.3475177304964,824.3064935064936,1682.6540112369898,2711.9262025784824,2438.128455018532,0.6901416567176729
125.0,134.0,11.0,1.0,7.0,93.28358208955224,17.857142857142858,0.0,0.0,0.0,0.0,0.0,0.0,0.0,MC Juneja,184.6417910447761,100.0,284.64179104477614,252.22707816950808,294.1350670243127,0.9677247732629177
237.0,213.0,24.0,8.0,17.0,111.26760563380283,13.941176470588236,0.0,0.0,0.0,0.0,0.0,0.0,0.0,MD Mishra,332.63380281690144,100.0,432.63380281690144,623.6535215361662,610.6434938278971,0.708488352352501
14.0,13.0,3.0,0.0,2.0,107.6923076923077,7.0,0.0,0.0,0.0,0.0,0.0,0.0,0.0,MDKJ Perera,70.84615384615384,100.0,170.84615384615384,367.609231284839,325.6586100693438,0.5246173402563343
1977.0,1648.0,198.0,52.0,58.0,119.96359223300972,34.08620689655172,0.0,0.0,0.0,0.0,0.0,0.0,0.0,MEK Hussey,2338.981796116505,100.0,2438.981796116505,3849.355094143138,3672.820780018912,0.6640622949492097
177.0,124.0,12.0,9.0,14.0,142.74193548387098,12.642857142857142,441.0,532.0,27.0,20.0,73.5,7.238095238095238,19.703703703703702,MF Maharoof,278.3709677419355,625.5238095238095,903.894777265745,1091.1998508480544,1071.9276975834778,0.8432423001135793
131.0,140.0,7.0,6.0,24.0,93.57142857142857,5.458333333333333,1043.0,1375.0,53.0,43.0,173.83333333333334,7.909875359539789,25.943396226415093,MG Johnson,196.78571428571428,1144.1802492809204,1340.9659635666346,1937.697844438667,2057.9296517515336,0.6516092337876171
0.0,0.0,0.0,0.0,0.0,0.0,0.0,25.0,62.0,0.0,1.0,4.166666666666667,14.879999999999999,62.0,MG Neser,0.0,70.24000000000001,70.24000000000001,20.0,102.06787543107188,0.6881695117425486
98.0,96.0,12.0,0.0,6.0,102.08333333333333,16.333333333333332,66.0,72.0,2.0,5.0,11.0,6.545454545454546,36.0,MJ Clarke,161.04166666666666,126.9090909090909,287.95075757575756,287.8795828772186,522.6275514990805,0.5509674274726104
57.0,55.0,3.0,3.0,3.0,103.63636363636364,19.0,0.0,0.0,0.0,0.0,0.0,0.0,0.0,MJ Guptill,117.81818181818181,100.0,217.8181818181818,715.9760403794714,261.3934258923442,0.8332963274596316
278.0,198.0,45.0,6.0,12.0,140.4040404040404,23.166666666666668,0.0,0.0,0.0,0.0,0.0,0.0,0.0,MJ Lumb,405.2020202020202,100.0,505.2020202020202,847.093722928477,748.5935437013908,0.6748682572174869
47.0,29.0,2.0,5.0,7.0,162.06896551724137,6.714285714285714,637.0,844.0,35.0,26.0,106.16666666666667,7.949764521193092,24.114285714285714,MJ McClenaghan,140.0344827586207,784.1004709576139,924.1349537162346,1108.201724478904,1204.8647358346286,0.7670030719888834
1827.0,1586.0,169.0,53.0,83.0,115.19546027742749,22.012048192771083,0.0,0.0,0.0,0.0,0.0,0.0,0.0,MK Pandey,2159.597730138714,100.0,2259.597730138714,3591.76753386748,3624.328328792601,0.62345282357227
1324.0,1202.0,121.0,28.0,66.0,110.14975041597337,20.060606060606062,38.0,73.0,1.0,5.0,6.333333333333333,11.526315789473685,73.0,MK Tiwary,1556.0748752079867,96.94736842105263,1653.0222436290394,2947.428066764801,3035.7822616898297,0.5445127815948517
1107.0,839.0,121.0,44.0,32.0,131.94278903456495,34.59375,0.0,0.0,0.0,0.0,0.0,0.0,0.0,ML Hayden,1381.9713945172825,100.0,1481.9713945172825,2450.5958609627432,2304.689563437378,0.6430243005513353
39.0,40.0,5.0,0.0,11.0,97.5,3.5454545454545454,1340.0,1675.0,73.0,61.0,223.33333333333334,7.5,22.945205479452056,MM Patel,92.75,1545.0,1637.75,2121.6330906309995,2142.0353728592354,0.7645765428298673
61.0,53.0,4.0,3.0,13.0,115.09433962264151,4.6923076923076925,1289.0,1676.0,70.0,61.0,214.83333333333334,7.801396431342125,23.942857142857143,MM Sharma,128.54716981132077,1484.3972071373157,1612.9443769486365,2312.652248445596,2297.2889351077115,0.7021077550582515
132.0,142.0,8.0,5.0,10.0,92.95774647887323,13.2,201.0,251.0,9.0,9.0,33.5,7.492537313432836,27.88888888888889,MN Samuels,196.4788732394366,265.01492537313436,461.49379861257097,971.570284771929,889.1463305837028,0.519030200922734
167.0,135.0,19.0,1.0,5.0,123.7037037037037,33.4,0.0,0.0,0.0,0.0,0.0,0.0,0.0,MN van Wyk,249.85185185185185,100.0,349.85185185185185,368.75024610222357,409.10141844865143,0.8551714466757921
146.0,111.0,13.0,4.0,5.0,131.53153153153156,29.2,140.0,203.0,8.0,7.0,23.333333333333332,8.700000000000001,25.375,MP Stoinis,232.76576576576576,242.6,475.3657657657658,810.9023123258883,706.4533167789938,0.6728905569205201
225.0,201.0,9.0,14.0,14.0,111.94029850746267,16.071428571428573,327.0,420.0,20.0,18.0,54.5,7.706422018348624,21.0,MR Marsh,317.97014925373134,484.58715596330273,802.5573052170341,1374.627895559824,1218.4582369693392,0.6586662397336064
798.0,737.0,93.0,23.0,39.0,108.27679782903662,20.46153846153846,0.0,0.0,0.0,0.0,0.0,0.0,0.0,MS Bisla,991.1383989145183,100.0,1091.1383989145183,1432.337224148092,1538.1607403603487,0.7093786561337502
3270.0,2419.0,236.0,140.0,128.0,135.17982637453494,25.546875,0.0,0.0,0.0,0.0,0.0,0.0,0.0,MS Dhoni,3853.5899131872675,100.0,3953.5899131872675,5917.260671508039,5964.134325453368,0.6628941766643951
99.0,76.0,6.0,8.0,15.0,130.26315789473685,6.6,910.0,1285.0,37.0,43.0,151.66666666666666,8.472527472527473,34.729729729729726,MS Gony,186.13157894736844,823.054945054945,1009.1865240023135,799.1425617884012,1237.8394668753542,0.8152806167586307
22.0,33.0,0.0,0.0,3.0,66.66666666666666,7.333333333333333,0.0,0.0,0.0,0.0,0.0,0.0,0.0,MS Wade,55.33333333333333,100.0,155.33333333333331,20.0,164.24976617708563,0.9457141824230113
394.0,318.0,32.0,13.0,23.0,123.89937106918238,17.130434782608695,0.0,0.0,0.0,0.0,0.0,0.0,0.0,MV Boucher,513.9496855345913,100.0,613.9496855345913,865.2380995999295,920.7106017584837,0.6668215662576237
924.0,760.0,113.0,14.0,48.0,121.57894736842105,19.25,0.0,0.0,0.0,0.0,0.0,0.0,0.0,Mandeep Singh,1125.7894736842104,100.0,1225.7894736842104,1563.571973236255,1643.9508282648892,0.7456363369322744
2.0,2.0,0.0,0.0,1.0,100.0,2.0,28.0,59.0,0.0,1.0,4.666666666666667,12.642857142857142,59.0,Mashrafe Mortaza,52.0,74.71428571428572,126.71428571428572,549.9867828519999,415.39339445075916,0.3050464629603215
117.0,82.0,10.0,6.0,8.0,142.6829268292683,14.625,0.0,0.0,0.0,0.0,0.0,0.0,0.0,Misbah-ul-Haq,210.34146341463415,100.0,310.3414634146342,150.193476438561,235.39378004168626,1.31839279423473
2.0,12.0,0.0,0.0,1.0,16.666666666666664,2.0,0.0,0.0,0.0,0.0,0.0,0.0,0.0,Mohammad Ashraful,10.333333333333332,100.0,110.33333333333333,68.47863844283333,124.05088711853904,0.889419946089562
3.0,6.0,0.0,0.0,2.0,50.0,1.5,199.0,307.0,8.0,8.0,33.166666666666664,9.256281407035177,38.375,Mohammad Asif,28.0,241.48743718592965,269.48743718592965,433.0569431766156,454.90652088714273,0.5924017898454933
64.0,84.0,7.0,2.0,8.0,76.19047619047619,8.0,63.0,71.0,2.0,4.0,10.5,6.761904761904762,35.5,Mohammad Hafeez,113.0952380952381,126.47619047619048,239.57142857142858,677.1302342342899,563.537754314236,0.4251204586336205
10.0,22.0,0.0,0.0,7.0,45.45454545454545,1.4285714285714286,455.0,660.0,12.0,21.0,75.83333333333333,8.703296703296704,55.0,Mohammed Shami,32.72727272727273,322.5934065934066,355.32067932067935,216.40097962749707,789.3577860291512,0.4501389428336585
0.0,0.0,0.0,0.0,0.0,0.0,0.0,376.0,427.0,17.0,16.0,62.666666666666664,6.8138297872340425,25.11764705882353,Mustafizur Rahman,0.0,426.3723404255319,426.3723404255319,896.0137881378362,831.6265040791543,0.5126969118157756
104.0,78.0,7.0,8.0,3.0,133.33333333333331,34.666666666666664,6.0,3.0,0.0,1.0,1.0,3.0,3.0,N Rana,193.66666666666666,94.0,287.66666666666663,433.75619350550244,539.899946080628,0.5328147719868579
140.0,143.0,16.0,0.0,10.0,97.9020979020979,14.0,0.0,0.0,0.0,0.0,0.0,0.0,0.0,N Saini,204.95104895104896,100.0,304.95104895104896,241.02275839506265,303.5826427513246,1.00450752449917
0.0,13.0,0.0,0.0,1.0,0.0,0.0,57.0,79.0,2.0,4.0,9.5,8.31578947368421,39.5,ND Doshi,0.0,123.36842105263158,123.36842105263158,286.93757641679156,269.9323271653541,0.4570346291908158
20.0,21.0,4.0,0.0,3.0,95.23809523809523,6.666666666666667,0.0,0.0,0.0,0.0,0.0,0.0,0.0,NJ Maddinson,71.61904761904762,100.0,171.61904761904762,301.31741285153464,241.03122561002223,0.7120199766013703
1.0,1.0,0.0,0.0,1.0,100.0,1.0,18.0,20.0,0.0,1.0,3.0,6.666666666666667,20.0,NJ Rimmington,51.0,86.66666666666667,137.66666666666669,74.16370125746639,272.5352736821151,0.5051333899157617
121.0,124.0,14.0,1.0,6.0,97.58064516129032,20.166666666666668,0.0,0.0,0.0,0.0,0.0,0.0,0.0,NK Patel,185.79032258064515,100.0,285.7903225806451,444.0755035848702,388.54095519944406,0.7355474854225973
26.0,23.0,0.0,1.0,2.0,113.04347826086956,13.0,30.0,35.0,0.0,2.0,5.0,7.0,35.0,NL McCullum,84.52173913043478,86.0,170.52173913043478,170.82835765021252,181.42365792677637,0.9399090563991293
424.0,326.0,23.0,26.0,30.0,130.06134969325154,14.133333333333333,715.0,1031.0,31.0,36.0,119.16666666666667,8.651748251748252,33.25806451612903,NLTC Perera,564.0306748466257,702.6965034965035,1266.7271783431293,1925.1191628919437,1955.3713787533256,0.6478192286678293
38.0,40.0,3.0,2.0,8.0,95.0,4.75,408.0,507.0,21.0,17.0,68.0,7.455882352941177,24.142857142857142,NM Coulter-Nile,92.5,505.0882352941177,597.5882352941177,1042.3694554111903,1013.4371686597068,0.5896648097922453
23.0,33.0,1.0,0.0,2.0,69.6969696969697,11.5,0.0,0.0,0.0,0.0,0.0,0.0,0.0,NS Naik,58.84848484848485,100.0,158.84848484848484,587.9589876551806,414.547110741835,0.3831856035957514
1474.0,1286.0,119.0,76.0,88.0,114.6189735614308,16.75,0.0,0.0,0.0,0.0,0.0,0.0,0.0,NV Ojha,1802.3094867807154,100.0,1902.3094867807154,2580.5496756582197,3025.613624087013,0.6287351007532372
506.0,405.0,34.0,23.0,22.0,124.93827160493827,23.0,0.0,0.0,0.0,0.0,0.0,0.0,0.0,OA Shah,648.4691358024692,100.0,748.4691358024692,1592.9966138806135,960.4273359407381,0.7793084471813206
0.0,0.0,0.0,0.0,0.0,0.0,0.0,132.0,241.0,7.0,6.0,22.0,10.954545454545455,34.42857142857143,P Amarnath,0.0,218.0909090909091,218.0909090909091,20.0,117.22610238208175,1.8604295857254805
5.0,14.0,0.0,0.0,5.0,35.714285714285715,1.0,774.0,1046.0,39.0,33.0,129.0,8.108527131782946,26.82051282051282,P Awana,22.857142857142858,863.7829457364342,886.640088593577,1296.4944333312733,1298.104936736859,0.68302651311256
127.0,141.0,4.0,5.0,12.0,90.0709219858156,10.583333333333334,0.0,0.0,0.0,0.0,0.0,0.0,0.0,P Dogra,186.03546099290782,100.0,286.0354609929078,558.7658412923063,484.61704684229204,0.5902298791523769
332.0,314.0,22.0,17.0,55.0,105.73248407643312,6.036363636363636,2529.0,3188.0,84.0,113.0,421.5,7.563463819691577,37.95238095238095,P Kumar,440.86624203821657,1764.8730723606168,2205.7393143988334,3370.5622840889414,3472.6841660828463,0.6351684198470849
209.0,170.0,16.0,9.0,19.0,122.94117647058825,11.0,439.0,600.0,14.0,24.0,73.16666666666667,8.200455580865603,42.857142857142854,P Negi,304.47058823529414,363.5990888382688,668.069677073563,864.8112257716967,912.4557920638374,0.732166624272821
1.0,3.0,0.0,0.0,2.0,33.33333333333333,0.5,159.0,226.0,9.0,8.0,26.5,8.528301886792454,25.11111111111111,P Parameswaran,17.666666666666664,262.9433962264151,280.61006289308176,375.02813356533886,449.082564517383,0.6248518314102127
0.0,0.0,0.0,0.0,0.0,0.0,0.0,6.0,18.0,0.0,1.0,1.0,18.0,18.0,P Prasanth,0.0,64.0,64.0,20.0,50.37145917324092,1.2705607709295632
19.0,13.0,1.0,1.0,2.0,146.15384615384613,9.5,107.0,152.0,3.0,5.0,17.833333333333332,8.52336448598131,50.666666666666664,P Sahu,95.07692307692307,142.95327102803736,238.03019410496043,227.10167658850952,298.0449433364202,0.7986385926913119
0.0,0.0,0.0,0.0,0.0,0.0,0.0,107.0,154.0,2.0,5.0,17.833333333333332,8.63551401869159,77.0,P Suyal,0.0,122.72897196261682,122.72897196261682,371.41441009021383,329.15887964612807,0.3728563303367669
1927.0,1752.0,248.0,27.0,100.0,109.98858447488584,19.27,0.0,0.0,0.0,0.0,0.0,0.0,0.0,PA Patel,2283.994292237443,100.0,2383.994292237443,3654.7064992022156,3954.7559481425583,0.6028170444644354
164.0,167.0,15.0,2.0,10.0,98.20359281437125,16.4,0.0,0.0,0.0,0.0,0.0,0.0,0.0,PA Reddy,232.10179640718562,100.0,332.1017964071856,345.37943099639585,386.23934634127045,0.8598341923294102
505.0,432.0,61.0,20.0,23.0,116.89814814814814,21.956521739130434,153.0,207.0,7.0,10.0,25.5,8.117647058823529,29.571428571428573,PC Valthaty,664.449074074074,223.76470588235293,888.213779956427,1530.6651723878506,1124.1799721953032,0.7900992740707873
203.0,159.0,9.0,13.0,7.0,127.67295597484276,29.0,90.0,101.0,5.0,6.0,15.0,6.733333333333333,20.2,PD Collingwood,301.8364779874214,186.53333333333333,488.3698113207547,800.3083619480421,714.0352282546728,0.6839575863987615
0.0,2.0,0.0,0.0,1.0,0.0,0.0,90.0,132.0,2.0,4.0,15.0,8.8,66.0,PJ Cummins,0.0,122.4,122.4,362.8204922733325,394.1447910383073,0.3105457760270231
22.0,32.0,1.0,0.0,9.0,68.75,2.4444444444444446,727.0,998.0,30.0,33.0,121.16666666666667,8.236588720770289,33.266666666666666,PJ Sangwan,57.375,683.5268225584595,740.9018225584595,1250.173806174305,1176.5638498608737,0.6297166300376045
1.0,2.0,0.0,0.0,1.0,50.0,1.0,31.0,42.0,1.0,2.0,5.166666666666667,8.129032258064516,42.0,PM Sarvesh Kumar,26.0,103.74193548387098,129.74193548387098,20.0,109.7819639642024,1.1818146697227707
513.0,461.0,49.0,15.0,64.0,111.27982646420824,8.015625,2472.0,3136.0,120.0,122.0,412.0,7.611650485436893,26.133333333333333,PP Chawla,647.6399132321042,2484.776699029126,3132.4166122612305,4575.115753110916,4041.9532412150984,0.7749759646698828
16.0,45.0,0.0,0.0,19.0,35.55555555555556,0.8421052631578947,1945.0,2399.0,89.0,90.0,324.1666666666667,7.40051413881748,26.95505617977528,PP Ojha,33.77777777777778,1865.198971722365,1898.976749500143,3013.2290180015943,2843.3957725494006,0.6678552341651378
92.0,97.0,9.0,2.0,9.0,94.84536082474226,10.222222222222221,0.0,0.0,0.0,0.0,0.0,0.0,0.0,PR Shah,152.42268041237114,100.0,252.42268041237114,513.2089465558571,439.43447909250017,0.5744262055486925
6.0,12.0,0.0,0.0,1.0,50.0,6.0,0.0,0.0,0.0,0.0,0.0,0.0,0.0,PSP Handscomb,31.0,100.0,131.0,191.891599789516,261.7342874467088,0.500507599817898
18.0,39.0,1.0,0.0,6.0,46.15384615384615,3.0,674.0,866.0,28.0,33.0,112.33333333333333,7.70919881305638,30.928571428571427,PV Tambe,42.07692307692308,644.5816023738872,686.6585254508103,1055.8562238018983,1075.369485699416,0.638532648156936
7.0,12.0,0.0,0.0,5.0,58.333333333333336,1.4,311.0,472.0,11.0,17.0,51.833333333333336,9.106109324758842,42.90909090909091,Pankaj Singh,36.16666666666667,301.7877813504823,337.954448017149,788.632253559309,798.023770015628,0.42348920009053204
17.0,20.0,1.0,0.0,4.0,85.0,4.25,200.0,273.0,4.0,11.0,33.333333333333336,8.19,68.25,Parvez Rasool,60.5,163.62,224.12,205.74986546081027,294.52280245194333,0.760959756372579
726.0,566.0,90.0,21.0,26.0,128.26855123674912,27.923076923076923,0.0,0.0,0.0,0.0,0.0,0.0,0.0,Q de Kock,922.1342756183745,100.0,1022.1342756183745,1653.825883066761,1614.7545835248727,0.6329966708545529
231.0,246.0,22.0,2.0,36.0,93.90243902439023,6.416666666666667,2359.0,2552.0,100.0,108.0,393.1666666666667,6.490885968630775,25.52,R Ashwin,303.9512195121951,2087.0182280627387,2390.969447574934,3541.8745730966925,3518.8988290876073,0.6794652428796519
326.0,273.0,24.0,12.0,46.0,119.41391941391942,7.086956521739131,1618.0,2004.0,69.0,88.0,269.6666666666667,7.431396786155747,29.043478260869566,R Bhatia,433.7069597069597,1465.1372064276884,1898.844166134648,2800.2717228279826,2774.6583282091206,0.6843524288485064
19.0,17.0,1.0,2.0,3.0,111.76470588235294,6.333333333333333,0.0,0.0,0.0,0.0,0.0,0.0,0.0,R Bishnoi,79.88235294117646,100.0,179.88235294117646,512.0827314926285,272.58354370883376,0.6599164076218843
153.0,135.0,13.0,4.0,16.0,113.33333333333333,9.5625,513.0,655.0,18.0,25.0,85.5,7.6608187134502925,36.388888888888886,R Dhawan,230.66666666666666,444.67836257309943,675.3450292397661,1195.0060028708617,1048.56222334761,0.6440676711427565
2174.0,1918.0,269.0,28.0,82.0,113.34723670490095,26.51219512195122,0.0,0.0,0.0,0.0,0.0,0.0,0.0,R Dravid,2555.6736183524504,100.0,2655.6736183524504,4162.873684905439,4168.565227666578,0.6370713838725289
159.0,178.0,14.0,1.0,13.0,89.32584269662921,12.23076923076923,372.0,558.0,12.0,18.0,62.0,9.0,46.5,R McLaren,219.6629213483146,322.0,541.6629213483146,1100.3273970543291,967.7422081451513,0.5597181943593297
3.0,6.0,0.0,0.0,1.0,50.0,3.0,36.0,65.0,3.0,2.0,6.0,10.833333333333334,21.666666666666668,R Ninan,28.0,138.33333333333331,166.33333333333331,254.13094385851178,251.80722964868136,0.6605582117932028
51.0,52.0,3.0,2.0,7.0,98.07692307692307,7.285714285714286,278.0,319.0,16.0,12.0,46.333333333333336,6.884892086330935,19.9375,R Rampaul,107.03846153846153,406.23021582733816,513.2686773657997,920.2605544185725,868.4163281738827,0.5910398742099977
270.0,236.0,22.0,6.0,24.0,114.40677966101696,11.25,144.0,233.0,3.0,14.0,24.0,9.708333333333334,77.66666666666667,R Sathish,361.20338983050846,140.58333333333331,501.78672316384177,684.2722212668326,707.208160782042,0.7095318620319059
66.0,77.0,5.0,3.0,19.0,85.71428571428571,3.473684210526316,935.0,1100.0,40.0,44.0,155.83333333333334,7.0588235294117645,27.5,R Sharma,119.85714285714286,885.8823529411765,1005.7394957983194,1580.081701233588,1571.1150123960908,0.6401437755116837
19.0,23.0,2.0,0.0,4.0,82.6086956521739,4.75,130.0,217.0,5.0,7.0,21.666666666666668,10.015384615384615,43.4,R Shukla,62.30434782608695,179.96923076923076,242.2735785953177,334.7163228278105,368.97540081359233,0.6566117363409686
16.0,13.0,0.0,1.0,1.0,123.07692307692308,16.0,73.0,90.0,3.0,4.0,12.166666666666666,7.397260273972603,30.0,R Tewatia,79.53846153846155,145.2054794520548,224.74394099051634,358.50165968542194,395.519275869822,0.5682250011614774
304.0,285.0,20.0,9.0,41.0,106.66666666666667,7.414634146341464,2141.0,2945.0,101.0,101.0,356.8333333333333,8.253152732368052,29.15841584158416,R Vinay Kumar,395.3333333333333,2103.493694535264,2498.8270278685973,3879.4612403773212,3322.3530878326815,0.7521256656975894
1574.0,1340.0,112.0,53.0,98.0,117.46268656716418,16.06122448979592,1733.0,2188.0,77.0,100.0,288.8333333333333,7.5753029428736305,28.415584415584416,RA Jadeja,1850.7313432835822,1624.8493941142528,3475.580737397835,5032.969153245537,4853.189686917422,0.716143600726516
0.0,0.0,0.0,0.0,0.0,0.0,0.0,6.0,11.0,0.0,1.0,1.0,11.0,11.0,RA Shaikh,0.0,78.0,78.0,578.3312256578387,406.3579396042815,0.1919489996330766
83.0,74.0,10.0,4.0,6.0,112.16216216216218,13.833333333333334,0.0,0.0,0.0,0.0,0.0,0.0,0.0,RE Levi,157.0810810810811,100.0,257.0810810810811,163.8141020321581,205.97583419331946,1.2481128288078522
159.0,144.0,11.0,8.0,15.0,110.41666666666667,10.6,455.0,515.0,21.0,21.0,75.83333333333333,6.791208791208792,24.523809523809526,RE van der Merwe,241.20833333333334,506.4175824175824,747.6259157509157,853.7335939077068,966.7787154072436,0.7733164827030636
2.0,2.0,0.0,0.0,1.0,100.0,2.0,37.0,63.0,1.0,2.0,6.166666666666667,10.216216216216216,63.0,RG More,52.0,99.56756756756756,151.56756756756755,482.69256611018716,399.19147502362483,0.37968638373000707
3874.0,2996.0,323.0,164.0,137.0,129.30574098798397,28.277372262773724,342.0,449.0,15.0,30.0,57.0,7.87719298245614,29.933333333333334,RG Sharma,4589.652870493992,384.2456140350877,4973.89848452908,7635.394152858012,7488.167125794341,0.664234438277371
117.0,112.0,6.0,3.0,21.0,104.46428571428572,5.571428571428571,865.0,1085.0,45.0,37.0,144.16666666666666,7.526011560693642,24.11111111111111,RJ Harris,181.23214285714286,984.9479768786127,1166.1801197357556,1886.8766177156667,1837.4449010959004,0.6346748787080446
32.0,32.0,3.0,1.0,5.0,100.0,6.4,48.0,70.0,3.0,4.0,8.0,8.75,23.333333333333332,RJ Peterson,87.0,142.5,229.5,482.7881221220277,439.4626166289729,0.5222287205233682
103.0,105.0,12.0,3.0,7.0,98.09523809523809,14.714285714285714,0.0,0.0,0.0,0.0,0.0,0.0,0.0,RJ Quiney,170.04761904761904,100.0,270.04761904761904,402.37125026625824,371.63320708508564,0.7266509394188542
326.0,238.0,26.0,15.0,21.0,136.9747899159664,15.523809523809524,83.0,94.0,2.0,10.0,13.833333333333334,6.795180722891566,47.0,RN ten Doeschate,450.4873949579832,126.40963855421687,576.8970335122001,667.5181864076546,856.840698121365,0.6732838843638669
52.0,78.0,2.0,1.0,28.0,66.66666666666666,1.8571428571428572,1874.0,2417.0,90.0,82.0,312.3333333333333,7.738527214514408,26.855555555555554,RP Singh,89.33333333333333,1884.5229455709712,1973.8562789043044,2977.4978681792227,2933.471383907384,0.6728738823676977
0.0,2.0,0.0,0.0,1.0,0.0,0.0,12.0,35.0,0.0,1.0,2.0,17.5,35.0,RR Bhatkal,0.0,65.0,65.0,20.0,36.14047098336441,1.798537712193063
0.0,0.0,0.0,0.0,0.0,0.0,0.0,12.0,24.0,0.0,1.0,2.0,12.0,24.0,RR Bose,0.0,76.0,76.0,328.99518134537755,242.2813896478357,0.3136848443475935
198.0,155.0,19.0,6.0,10.0,127.74193548387096,19.8,0.0,0.0,0.0,0.0,0.0,0.0,0.0,RR Pant,292.8709677419355,100.0,392.8709677419355,556.8831221275959,526.253871249871,0.7465426654417827
67.0,64.0,6.0,1.0,9.0,104.6875,7.444444444444445,443.0,538.0,13.0,26.0,73.83333333333333,7.286681715575622,41.38461538461539,RR Powar,127.34375,345.4266365688487,472.7703865688487,527.1492954532491,684.6561112066543,0.6905224080095144
20.0,18.0,1.0,1.0,5.0,111.11111111111111,4.0,144.0,214.0,6.0,10.0,24.0,8.916666666666666,35.666666666666664,RR Raje,78.55555555555556,202.16666666666669,280.72222222222223,350.2239250575493,405.93504643263304,0.6915446810745115
53.0,51.0,3.0,3.0,5.0,103.921568627451,10.6,0.0,0.0,0.0,0.0,0.0,0.0,0.0,RR Rossouw,113.9607843137255,100.0,213.9607843137255,411.98463488162304,376.66353634731064,0.5680422012404153
73.0,78.0,6.0,1.0,4.0,93.58974358974359,18.25,0.0,0.0,0.0,0.0,0.0,0.0,0.0,RR Sarwan,127.7948717948718,100.0,227.7948717948718,217.40186590816018,247.20201122080175,0.9214927931609932
531.0,468.0,39.0,16.0,22.0,113.46153846153845,24.136363636363637,213.0,301.0,11.0,14.0,35.5,8.47887323943662,27.363636363636363,RS Bopara,658.7307692307693,303.0422535211268,961.7730227518961,1261.3757214917384,1174.0121506537494,0.8192189682332778
2.0,8.0,0.0,0.0,1.0,25.0,2.0,6.0,8.0,0.0,1.0,1.0,8.0,8.0,RS Gavaskar,14.5,84.0,98.5,201.47835194568663,203.7338204823363,0.48347397485014
4.0,2.0,1.0,0.0,1.0,200.0,4.0,0.0,0.0,0.0,0.0,0.0,0.0,0.0,RS Sodhi,105.0,100.0,205.0,361.5104261806712,398.7589533350911,0.5140950398365884
91.0,129.0,5.0,2.0,9.0,70.54263565891473,10.11111111111111,0.0,0.0,0.0,0.0,0.0,0.0,0.0,RT Ponting,135.27131782945736,100.0,235.27131782945736,241.13573862277988,308.48429430469173,0.7626687068777592
50.0,53.0,5.0,1.0,9.0,94.33962264150944,5.555555555555555,97.0,130.0,5.0,9.0,16.166666666666668,8.041237113402062,26.0,RV Gomez,104.16981132075472,183.91752577319588,288.0873370939506,328.2761020158291,364.0735398072611,0.7912888622624504
3390.0,2721.0,341.0,104.0,130.0,124.58654906284454,26.076923076923077,0.0,0.0,0.0,0.0,0.0,0.0,0.0,RV Uthappa,4001.2932745314224,100.0,4101.293274531423,6203.102468202928,6058.1512962173565,0.6769875947291422
0.0,0.0,0.0,0.0,0.0,0.0,0.0,18.0,33.0,0.0,1.0,3.0,11.0,33.0,RW Price,0.0,78.0,78.0,20.0,114.30300515174291,0.682396756729634
136.0,121.0,9.0,7.0,12.0,112.39669421487604,11.333333333333334,0.0,0.0,0.0,0.0,0.0,0.0,0.0,S Anirudha,215.19834710743802,100.0,315.19834710743805,162.47877821447844,318.83519191589056,0.9885933394409865
27.0,19.0,5.0,0.0,4.0,142.10526315789474,6.75,598.0,779.0,40.0,28.0,99.66666666666667,7.816053511705685,19.475,S Aravind,103.05263157894737,884.3678929765887,987.4205245555361,1322.7276283890346,1327.79138069851,0.7436563747206166
0.0,0.0,0.0,0.0,0.0,0.0,0.0,112.0,138.0,2.0,5.0,18.666666666666668,7.392857142857142,69.0,S Badree,0.0,125.21428571428572,125.21428571428572,140.76042927332173,190.42942495431072,0.6575364376819816
1441.0,1245.0,154.0,28.0,65.0,115.74297188755021,22.16923076923077,0.0,0.0,0.0,0.0,0.0,0.0,0.0,S Badrinath,1708.871485943775,100.0,1808.871485943775,2781.856378478157,2887.242837656828,0.6265047963238809
25.0,33.0,4.0,0.0,3.0,75.75757575757575,8.333333333333334,0.0,0.0,0.0,0.0,0.0,0.0,0.0,S Chanderpaul,66.87878787878788,100.0,166.87878787878788,575.6059044861937,442.162897738091,0.37741472369677703
3082.0,2622.0,348.0,62.0,112.0,117.54385964912282,27.517857142857142,49.0,72.0,4.0,6.0,8.166666666666666,8.816326530612246,18.0,S Dhawan,3612.7719298245615,162.3673469387755,3775.139276763337,5851.806397129744,6197.884440416508,0.6091012688370875
14.0,27.0,1.0,0.0,3.0,51.85185185185185,4.666666666666667,116.0,155.0,7.0,6.0,19.333333333333332,8.017241379310345,22.142857142857142,S Gopal,40.925925925925924,223.9655172413793,264.8914431673052,362.0737893159447,372.4885447496645,0.7111398374554814
9.0,11.0,0.0,0.0,2.0,81.81818181818183,4.5,215.0,308.0,6.0,11.0,35.833333333333336,8.595348837209302,51.333333333333336,S Kaul,49.909090909090914,202.8093023255814,252.7183932346723,374.8848810733538,377.92678589606805,0.6686966964658897
0.0,1.0,0.0,0.0,1.0,0.0,0.0,142.0,195.0,6.0,7.0,23.666666666666668,8.23943661971831,32.5,S Kaushik,0.0,203.5211267605634,203.5211267605634,84.24321130818177,144.60204525166805,1.407456764573084
0.0,10.0,0.0,0.0,2.0,0.0,0.0,141.0,225.0,5.0,9.0,23.5,9.574468085106384,45.0,S Ladda,0.0,180.85106382978722,180.85106382978722,267.19480466451785,292.5447172197169,0.6181997253225334
24.0,62.0,1.0,0.0,13.0,38.70967741935484,1.8461538461538463,1027.0,1213.0,31.0,46.0,171.16666666666666,7.08666017526777,39.12903225806452,S Nadeem,44.35483870967742,705.8266796494645,750.1815183591419,1061.628589184641,1218.7698581799302,0.6155235242520993
37.0,29.0,6.0,0.0,4.0,127.58620689655173,9.25,113.0,203.0,5.0,6.0,18.833333333333332,10.778761061946904,40.6,S Narwal,106.79310344827587,178.44247787610618,285.23558132438205,499.0066191475372,461.8384255172306,0.6176090285361937
91.0,82.0,9.0,1.0,8.0,110.97560975609757,11.375,16.0,18.0,0.0,3.0,2.6666666666666665,6.75,18.0,S Rana,157.4878048780488,86.5,243.9878048780488,183.59316504013574,248.54675131945964,0.9816575899012608
2.0,4.0,0.0,0.0,1.0,50.0,2.0,180.0,223.0,6.0,8.0,30.0,7.433333333333334,37.166666666666664,S Randiv,27.0,205.13333333333333,232.13333333333333,462.705936228998,380.6298339609506,0.609866365223353
368.0,311.0,34.0,18.0,20.0,118.32797427652733,18.4,0.0,0.0,0.0,0.0,0.0,0.0,0.0,S Sohal,497.1639871382637,100.0,597.1639871382637,1233.685486250077,1086.454831607366,0.5496445593184797
34.0,57.0,6.0,0.0,12.0,59.64912280701754,2.8333333333333335,947.0,1221.0,40.0,44.0,157.83333333333334,7.736008447729672,30.525,S Sreesanth,69.82456140350877,884.5279831045407,954.3525445080495,1407.5492919516428,1595.0031392713427,0.5983389756486834
31.0,38.0,3.0,0.0,2.0,81.57894736842105,15.5,18.0,49.0,0.0,2.0,3.0,16.333333333333332,49.0,S Sriram,74.78947368421052,67.33333333333334,142.12280701754386,301.75393338334027,248.15888593247968,0.5727089178511761
3.0,4.0,0.0,0.0,1.0,75.0,3.0,220.0,304.0,6.0,14.0,36.666666666666664,8.290909090909091,50.666666666666664,S Tyagi,40.5,203.41818181818184,243.91818181818184,518.0407738516899,342.64444884835723,0.7118696439939458
145.0,115.0,21.0,3.0,8.0,126.08695652173914,18.125,13.0,22.0,1.0,1.0,2.1666666666666665,10.153846153846155,22.0,S Vidyut,235.04347826086956,99.6923076923077,334.73578595317724,413.642267313949,382.33383227057107,0.8755065801142351
15.0,13.0,1.0,1.0,2.0,115.38461538461537,7.5,32.0,57.0,0.0,2.0,5.333333333333333,10.6875,57.0,SA Abbott,75.69230769230768,78.625,154.31730769230768,280.8840517594457,268.9874243956037,0.5736971088482969
423.0,352.0,56.0,10.0,19.0,120.17045454545455,22.263157894736842,0.0,0.0,0.0,0.0,0.0,0.0,0.0,SA Asnodkar,559.0852272727273,100.0,659.0852272727273,991.4042235387057,990.1223396185052,0.6656603945797983
503.0,390.0,46.0,18.0,35.0,128.97435897435898,14.371428571428572,6.0,8.0,0.0,1.0,1.0,8.0,8.0,SA Yadav,649.4871794871794,84.0,733.4871794871794,1121.7664738226672,1178.0577232906303,0.6226241422520058
49.0,58.0,1.0,3.0,7.0,84.48275862068965,7.0,153.0,221.0,4.0,9.0,25.5,8.666666666666666,55.25,SB Bangar,98.24137931034483,162.66666666666669,260.9080459770115,220.92825149034758,298.1483232628262,0.8750947955089242
28.0,30.0,3.0,0.0,5.0,93.33333333333333,5.6,1069.0,1422.0,47.0,55.0,178.16666666666666,7.981290926099159,30.25531914893617,SB Jakati,77.66666666666666,1024.0374181478016,1101.7040848144684,1657.9601501114237,1613.90227451805,0.6826337023060852
6.0,16.0,0.0,0.0,2.0,37.5,3.0,55.0,82.0,1.0,4.0,9.166666666666666,8.945454545454545,82.0,SB Joshi,24.75,102.10909090909091,126.85909090909091,300.0876992548546,296.45979488474603,0.42791330594561605
131.0,134.0,10.0,3.0,10.0,97.76119402985076,13.1,222.0,278.0,8.0,11.0,37.0,7.513513513513513,34.75,SB Styris,195.88059701492537,244.97297297297297,440.85356998789837,981.2296621531559,884.1442184716152,0.4986217867826861
2.0,3.0,0.0,0.0,2.0,66.66666666666666,1.0,108.0,147.0,5.0,8.0,18.0,8.166666666666666,29.4,SB Wagh,35.33333333333333,183.66666666666669,219.0,540.0008015381476,445.5430853249261,0.49153495411176107
1349.0,1326.0,137.0,42.0,56.0,101.73453996983409,24.089285714285715,280.0,370.0,10.0,20.0,46.666666666666664,7.928571428571429,37.0,SC Ganguly,1620.8672699849171,284.1428571428571,1905.0101271277742,3332.250586825893,3185.9808615778898,0.5979352073647732
99.0,92.0,10.0,2.0,8.0,107.6086956521739,12.375,38.0,62.0,2.0,2.0,6.333333333333333,9.789473684210527,31.0,SD Chitnis,166.80434782608694,120.42105263157895,287.2254004576659,261.652694234087,332.90831017073253,0.8627763011093412
1.0,2.0,0.0,0.0,1.0,50.0,1.0,191.0,225.0,9.0,8.0,31.833333333333332,7.068062827225131,25.0,SE Bond,26.0,265.86387434554973,291.86387434554973,630.1257655289378,551.9932387759602,0.5287453791875334
2225.0,1715.0,233.0,73.0,61.0,129.73760932944606,36.47540983606557,0.0,0.0,0.0,0.0,0.0,0.0,0.0,SE Marsh,2668.868804664723,100.0,2768.868804664723,4193.726599551951,3912.541445535073,0.7076906003959421
5.0,5.0,0.0,0.0,4.0,100.0,1.25,306.0,444.0,14.0,14.0,51.0,8.705882352941176,31.714285714285715,SJ Srivastava,55.0,362.5882352941177,417.5882352941177,1109.1918609465683,789.6835754189788,0.528804508910496
4106.0,3059.0,360.0,161.0,143.0,134.2268715266427,28.713286713286713,852.0,1031.0,24.0,62.0,142.0,7.26056338028169,42.958333333333336,SK Raina,4855.113435763321,565.4788732394367,5420.592309002757,7952.6742088997335,7473.216316801948,0.7253359302360486
42.0,61.0,3.0,1.0,14.0,68.85245901639344,3.0,1557.0,1944.0,65.0,75.0,259.5,7.491329479768786,29.907692307692308,SK Trivedi,81.42622950819671,1385.0173410404625,1466.4435705486592,2014.5228101926593,2173.808542052779,0.6745964707470795
198.0,219.0,14.0,6.0,27.0,90.41095890410958,7.333333333333333,1223.0,1465.0,57.0,54.0,203.83333333333334,7.187244480784955,25.70175438596491,SK Warne,269.20547945205476,1225.62551103843,1494.8309904904847,2110.0919142631024,2148.503143355017,0.695754621124834
81.0,100.0,6.0,4.0,18.0,81.0,4.5,2407.0,2646.0,143.0,98.0,401.1666666666667,6.595762359783963,18.503496503496503,SL Malinga,135.5,2946.808475280432,3082.308475280432,4155.184479224977,3316.8214496576084,0.9292958701767365
0.0,0.0,0.0,0.0,0.0,0.0,0.0,43.0,56.0,2.0,2.0,7.166666666666667,7.813953488372093,28.0,SM Boland,0.0,124.37209302325581,124.37209302325581,70.63925044285783,180.36798711395727,0.6895463824446685
9.0,14.0,0.0,0.0,2.0,64.28571428571429,4.5,67.0,74.0,3.0,3.0,11.166666666666666,6.6268656716417915,24.666666666666668,SM Harwood,41.142857142857146,146.7462686567164,187.88912579957355,114.45951028550223,439.127250851988,0.42786942836053543
241.0,191.0,26.0,8.0,11.0,126.17801047120419,21.90909090909091,0.0,0.0,0.0,0.0,0.0,0.0,0.0,SM Katich,346.0890052356021,100.0,446.0890052356021,702.2924505848165,706.9199173504916,0.6310318811040526
147.0,116.0,12.0,8.0,8.0,126.72413793103448,18.375,280.0,307.0,11.0,13.0,46.666666666666664,6.578571428571429,27.90909090909091,SM Pollock,238.36206896551724,306.84285714285716,545.2049261083744,893.1580209568205,809.4604279566448,0.6735411729572232
10.0,17.0,0.0,0.0,4.0,58.82352941176471,2.5,195.0,211.0,9.0,8.0,32.5,6.492307692307692,23.444444444444443,SMSM Senanayake,39.411764705882355,267.0153846153846,306.427149321267,873.3003762159321,791.6890329316798,0.3870549377026809
177.0,103.0,19.0,6.0,11.0,171.84466019417474,16.09090909090909,0.0,0.0,0.0,0.0,0.0,0.0,0.0,SN Khan,293.92233009708735,100.0,393.92233009708735,800.4337056921752,717.1739291347601,0.549270287296051
7.0,6.0,1.0,0.0,1.0,116.66666666666667,7.0,20.0,39.0,1.0,1.0,3.3333333333333335,11.7,39.0,SN Thakur,66.33333333333334,96.6,162.93333333333334,117.20381904156045,181.6532303672078,0.8969470732998657
196.0,171.0,27.0,3.0,10.0,114.61988304093566,19.6,0.0,0.0,0.0,0.0,0.0,0.0,0.0,SP Fleming,286.3099415204678,100.0,386.3099415204678,381.3817245752401,449.6923241746795,0.8590538925240998
241.0,260.0,26.0,2.0,16.0,92.6923076923077,15.0625,0.0,0.0,0.0,0.0,0.0,0.0,0.0,SP Goswami,317.34615384615387,100.0,417.34615384615387,734.4779644619889,672.5804922640201,0.6205148062521051
47.0,58.0,2.0,2.0,16.0,81.03448275862068,2.9375,1594.0,1673.0,85.0,66.0,265.6666666666667,6.297365119196988,19.68235294117647,SP Narine,93.51724137931035,1787.405269761606,1880.9225111409164,2530.297689756771,2562.834825511451,0.7339226439478209
1241.0,933.0,113.0,33.0,47.0,133.0117899249732,26.404255319148938,2.0,5.0,0.0,1.0,0.3333333333333333,15.0,5.0,SPD Smith,1486.5058949624865,70.0,1556.5058949624865,2738.5603408621296,2304.522751403568,0.6754135510332878
2334.0,2044.0,296.0,29.0,78.0,114.18786692759295,29.923076923076923,37.0,59.0,0.0,4.0,6.166666666666667,9.567567567567567,59.0,SR Tendulkar,2745.0939334637965,80.86486486486487,2825.9587983286615,4498.982101795617,4633.957796736406,0.6098369735518355
2557.0,1869.0,252.0,121.0,91.0,136.8111289459604,28.0989010989011,1796.0,2244.0,81.0,86.0,299.3333333333333,7.496659242761693,27.703703703703702,SR Watson,3119.40556447298,1705.0066815144767,4824.412245987457,7133.1741446975275,6572.870767100929,0.7339886051213727
469.0,406.0,43.0,22.0,20.0,115.51724137931035,23.45,0.0,0.0,0.0,0.0,0.0,0.0,0.0,SS Iyer,613.7586206896551,100.0,713.7586206896551,692.9246552914196,828.4006995797955,0.8616103548098253
0.0,0.0,0.0,0.0,0.0,0.0,0.0,7.0,6.0,1.0,1.0,1.1666666666666667,5.142857142857142,6.0,SS Mundhe,0.0,109.71428571428572,109.71428571428572,463.07429609312385,336.36849666610846,0.32617289312676656
0.0,0.0,0.0,0.0,0.0,0.0,0.0,25.0,34.0,1.0,2.0,4.166666666666667,8.16,34.0,SS Sarkar,0.0,103.68,103.68,130.26616300190466,197.83729537010495,0.52406701075265
6.0,7.0,1.0,0.0,1.0,85.71428571428571,6.0,0.0,0.0,0.0,0.0,0.0,0.0,0.0,SS Shaikh,49.857142857142854,100.0,149.85714285714286,497.7004480817849,427.0043878495201,0.3509498897935301
1224.0,1065.0,84.0,45.0,63.0,114.92957746478874,19.428571428571427,0.0,0.0,0.0,0.0,0.0,0.0,0.0,SS Tiwary,1455.4647887323945,100.0,1555.4647887323945,1981.656493379287,2714.010153029624,0.5731241598326535
768.0,573.0,84.0,39.0,30.0,134.03141361256544,25.6,301.0,396.0,13.0,21.0,50.166666666666664,7.893687707641196,30.46153846153846,ST Jayasuriya,997.0157068062828,344.2126245847176,1341.2283313910004,1879.6918110346678,1775.2949945759299,0.7554960361454653
688.0,542.0,53.0,26.0,49.0,126.93726937269372,14.040816326530612,517.0,636.0,17.0,53.0,86.16666666666667,7.381044487427466,37.411764705882355,STR Binny,856.4686346863468,425.2379110251451,1281.7065457114918,1923.7159536891063,2174.0565629079656,0.5895460898207322
1040.0,890.0,80.0,38.0,48.0,116.85393258426966,21.666666666666668,0.0,0.0,0.0,0.0,0.0,0.0,0.0,SV Samson,1254.426966292135,100.0,1354.426966292135,2041.9987684527935,2067.0378028836676,0.6552502157447779
88.0,66.0,4.0,4.0,4.0,133.33333333333331,22.0,0.0,0.0,0.0,0.0,0.0,0.0,0.0,SW Billings,166.66666666666666,100.0,266.66666666666663,300.7692036763252,259.57551689342347,1.0273182535013679
23.0,26.0,1.0,1.0,5.0,88.46153846153845,4.6,534.0,668.0,23.0,21.0,89.0,7.50561797752809,29.043478260869566,SW Tait,70.23076923076923,544.9887640449438,615.219533275713,1060.1557528268534,1054.3415511544983,0.5835106589530223
122.0,89.0,9.0,5.0,7.0,137.07865168539325,17.428571428571427,10.0,8.0,2.0,2.0,1.6666666666666667,4.8,4.0,Sachin Baby,209.53932584269663,130.4,339.93932584269663,274.51917974168316,257.75290174568113,1.3188574155339945
193.0,172.0,30.0,2.0,7.0,112.20930232558139,27.571428571428573,0.0,0.0,0.0,0.0,0.0,0.0,0.0,Salman Butt,283.1046511627907,100.0,383.1046511627907,543.2650336289292,506.4486446276641,0.7564531077863685
19.0,28.0,1.0,0.0,8.0,67.85714285714286,2.375,875.0,1091.0,46.0,39.0,145.83333333333334,7.481142857142856,23.717391304347824,Sandeep Sharma,53.92857142857143,1005.0377142857143,1058.9662857142857,1614.972305987013,1581.559734238374,0.6695708437621853
0.0,1.0,0.0,0.0,1.0,0.0,0.0,98.0,130.0,8.0,4.0,16.333333333333332,7.959183673469388,16.25,Sandeep Sharma (1),0.0,244.0816326530612,244.0816326530612,479.54633594361695,431.40433970432736,0.56578390662539
81.0,46.0,7.0,6.0,9.0,176.08695652173913,9.0,185.0,237.0,9.0,10.0,30.833333333333332,7.686486486486487,26.333333333333332,Shahid Afridi,188.04347826086956,264.627027027027,452.67050528789656,835.9031773149532,763.5510083311901,0.5928490701325232
499.0,400.0,44.0,15.0,31.0,124.75,16.096774193548388,929.0,1089.0,43.0,41.0,154.83333333333334,7.033369214208826,25.325581395348838,Shakib Al Hasan,635.375,945.9332615715823,1581.3082615715823,2124.0004014376996,2116.2774719162176,0.7472121602937829
0.0,0.0,0.0,0.0,0.0,0.0,0.0,39.0,52.0,1.0,2.0,6.5,8.0,52.0,Shami Ahmed,0.0,104.0,104.0,20.0,191.85045361060395,0.5420888928992957
5.0,3.0,1.0,0.0,2.0,166.66666666666669,2.5,114.0,165.0,4.0,5.0,19.0,8.68421052631579,41.25,Shivam Sharma,89.33333333333334,162.63157894736844,251.96491228070178,659.6505794329601,571.0972436081167,0.44119441146103394
1.0,6.0,0.0,0.0,3.0,16.666666666666664,0.3333333333333333,103.0,154.0,5.0,7.0,17.166666666666668,8.970873786407767,30.8,Shoaib Ahmed,9.333333333333332,182.05825242718447,191.3915857605178,360.3562386798896,377.4913984748149,0.5070091306286728
2.0,8.0,0.0,0.0,1.0,25.0,2.0,46.0,54.0,5.0,3.0,7.666666666666667,7.0434782608695645,10.8,Shoaib Akhtar,14.5,185.91304347826087,200.41304347826087,135.5926529862862,275.9726923927768,0.7262060667691859
52.0,49.0,5.0,0.0,5.0,106.12244897959184,10.4,58.0,87.0,2.0,5.0,9.666666666666666,9.0,43.5,Shoaib Malik,110.06122448979592,122.0,232.0612244897959,690.0910690780258,580.1770066852212,0.39998349092745455
36.0,31.0,3.0,1.0,5.0,116.12903225806453,7.2,265.0,275.0,22.0,11.0,44.166666666666664,6.226415094339623,12.5,Sohail Tanvir,99.06451612903226,527.5471698113207,626.611685940353,965.4215651068712,908.4103119157259,0.6897892700259048
0.0,1.0,0.0,0.0,1.0,0.0,0.0,19.0,47.0,0.0,1.0,3.1666666666666665,14.842105263157896,47.0,Sunny Gupta,0.0,70.3157894736842,70.3157894736842,365.48607372420975,101.76784458245436,0.6909430946698781
43.0,31.0,6.0,1.0,5.0,138.70967741935485,8.6,0.0,0.0,0.0,0.0,0.0,0.0,0.0,Sunny Singh,120.35483870967742,100.0,220.35483870967744,345.4187870285567,366.29025851856386,0.6015853099694424
0.0,1.0,0.0,0.0,1.0,0.0,0.0,18.0,29.0,0.0,1.0,3.0,9.666666666666666,29.0,Swapnil Singh,0.0,80.66666666666667,80.66666666666667,575.3553562025043,452.6530134285954,0.17820861515018188
11.0,16.0,0.0,1.0,2.0,68.75,5.5,36.0,41.0,1.0,2.0,6.0,6.833333333333333,41.0,T Henderson,47.375,106.33333333333333,153.70833333333331,617.5814575810246,410.44440778294404,0.37449245359098454
11.0,20.0,0.0,1.0,3.0,55.00000000000001,3.6666666666666665,0.0,0.0,0.0,0.0,0.0,0.0,0.0,T Kohli,40.5,100.0,140.5,155.8581847527079,169.79331333007806,0.8274766375921301
0.0,0.0,0.0,0.0,0.0,0.0,0.0,96.0,151.0,3.0,4.0,16.0,9.4375,50.333333333333336,T Shamsi,0.0,141.125,141.125,425.9002429399944,395.55763796605197,0.35677480714482324
31.0,26.0,3.0,0.0,3.0,119.23076923076923,10.333333333333334,0.0,0.0,0.0,0.0,0.0,0.0,0.0,T Taibu,93.61538461538461,100.0,193.6153846153846,432.7160841937656,362.97952671038075,0.5334057994126737
12.0,19.0,0.0,0.0,4.0,63.1578947368421,3.0,144.0,164.0,8.0,6.0,24.0,6.833333333333333,20.5,T Thushara,43.578947368421055,246.33333333333331,289.91228070175436,736.6254051671295,522.8778268747171,0.5544551055732911
0.0,0.0,0.0,0.0,0.0,0.0,0.0,207.0,278.0,10.0,8.0,34.5,8.057971014492754,27.8,TA Boult,0.0,283.8840579710145,283.8840579710145,213.07898802877037,483.7156019636628,0.5868821613745263
10.0,29.0,0.0,0.0,2.0,34.48275862068966,5.0,0.0,0.0,0.0,0.0,0.0,0.0,0.0,TD Paine,27.24137931034483,100.0,127.24137931034483,342.12324541371856,282.57123988916646,0.45029840743967076
47.0,33.0,3.0,2.0,7.0,142.42424242424244,6.714285714285714,625.0,833.0,19.0,26.0,104.16666666666667,7.9967999999999995,43.8421052631579,TG Southee,125.21212121212122,464.0064,589.2185212121212,1117.190062051237,1033.322584203147,0.5702174037611891
676.0,587.0,55.0,26.0,39.0,115.1618398637138,17.333333333333332,152.0,198.0,6.0,11.0,25.333333333333332,7.815789473684211,33.0,TL Suman,840.5809199318569,204.36842105263156,1044.9493409844886,1179.6557181436483,1426.2139497224382,0.7326736224869003
1153.0,1047.0,140.0,24.0,50.0,110.12416427889207,23.06,275.0,368.0,5.0,25.0,45.833333333333336,8.02909090909091,73.6,TM Dilshan,1396.062082139446,183.94181818181818,1580.0039003212642,2109.1200640591383,2101.8215031834025,0.7517307715846482
54.0,42.0,3.0,2.0,3.0,128.57142857142858,18.0,0.0,0.0,0.0,0.0,0.0,0.0,0.0,TM Head,125.28571428571429,100.0,225.28571428571428,20.0,148.74817214802607,1.5145444211678931
8.0,11.0,0.0,0.0,3.0,72.72727272727273,2.6666666666666665,0.0,0.0,0.0,0.0,0.0,0.0,0.0,TM Srivastava,44.36363636363637,100.0,144.36363636363637,157.14641949149183,182.27878340655377,0.7919936356040317
0.0,0.0,0.0,0.0,0.0,0.0,0.0,74.0,137.0,1.0,3.0,12.333333333333334,11.108108108108107,137.0,TP Sudhindra,0.0,97.78378378378379,97.78378378378379,304.879968052286,280.15342072591295,0.34903655122401733
75.0,59.0,9.0,2.0,5.0,127.11864406779661,15.0,0.0,0.0,0.0,0.0,0.0,0.0,0.0,TR Birt,151.5593220338983,100.0,251.5593220338983,708.5798715197881,277.6175233745143,0.9061363237310395
0.0,1.0,0.0,0.0,1.0,0.0,0.0,0.0,0.0,0.0,0.0,0.0,0.0,0.0,U Kaul,0.0,100.0,100.0,166.33647664708977,196.31568606967002,0.509383646320097
7.0,15.0,1.0,0.0,1.0,46.666666666666664,7.0,0.0,0.0,0.0,0.0,0.0,0.0,0.0,UA Birla,31.333333333333332,100.0,131.33333333333334,556.0784624312341,437.4789363912483,0.3002049296743253
300.0,314.0,32.0,9.0,20.0,95.54140127388536,15.0,0.0,0.0,0.0,0.0,0.0,0.0,0.0,UBT Chand,397.7707006369427,100.0,497.7707006369427,442.3701739339767,607.4149936062182,0.8194903087289331
127.0,105.0,14.0,3.0,6.0,120.95238095238095,21.166666666666668,0.0,0.0,0.0,0.0,0.0,0.0,0.0,UT Khawaja,207.47619047619048,100.0,307.4761904761905,85.65115854208528,246.10385658348358,1.2493757503222551
84.0,82.0,8.0,3.0,19.0,102.4390243902439,4.421052631578948,1729.0,2370.0,74.0,79.0,288.1666666666667,8.224407171775592,32.027027027027025,UT Yadav,149.21951219512195,1563.5511856564488,1712.7706978515707,2556.908845548294,2672.9243596238457,0.6407853225194164
39.0,19.0,1.0,5.0,4.0,205.26315789473685,9.75,153.0,198.0,12.0,6.0,25.5,7.764705882352941,16.5,Umar Gul,152.63157894736844,324.47058823529414,477.1021671826626,800.332309163868,613.1870712183996,0.7780695151231141
4115.0,3237.0,361.0,149.0,131.0,127.12388013592832,31.412213740458014,264.0,371.0,4.0,26.0,44.0,8.431818181818182,92.75,V Kohli,4837.561940067964,163.13636363636363,5000.698303704328,7493.838891259579,7405.072988040222,0.6753070917438425
0.0,1.0,0.0,0.0,1.0,0.0,0.0,211.0,300.0,10.0,9.0,35.166666666666664,8.530805687203792,30.0,V Pratap Singh,0.0,282.93838862559244,282.93838862559244,20.0,412.3329358824163,0.6861891544513367
2728.0,1833.0,334.0,106.0,104.0,148.82705946535734,26.23076923076923,138.0,236.0,6.0,15.0,23.0,10.26086956521739,39.333333333333336,V Sehwag,3348.413529732679,199.47826086956522,3547.891790602244,5302.188428073866,5979.998676669206,0.593293072863752
0.0,0.0,0.0,0.0,0.0,0.0,0.0,6.0,19.0,0.0,1.0,1.0,19.0,19.0,V Shankar,0.0,62.0,62.0,20.0,46.49023272659504,1.3336134573603133
29.0,26.0,3.0,1.0,2.0,111.53846153846155,14.5,0.0,0.0,0.0,0.0,0.0,0.0,0.0,VH Zol,89.76923076923077,100.0,189.76923076923077,432.3037871237665,273.8416331131225,0.6929889681560515
42.0,45.0,2.0,2.0,7.0,93.33333333333333,6.0,775.0,1080.0,31.0,34.0,129.16666666666666,8.361290322580645,34.83870967741935,VR Aaron,94.66666666666666,703.2774193548387,797.9440860215053,1277.744004522214,1232.304330148091,0.6475219363431217
4.0,3.0,1.0,0.0,2.0,133.33333333333331,2.0,371.0,549.0,12.0,18.0,61.833333333333336,8.878706199460916,45.75,VRV Singh,71.66666666666666,322.2425876010782,393.9092542677448,383.63843187034837,483.57878889448097,0.8145709930087475
7.0,7.0,1.0,0.0,2.0,100.0,3.5,212.0,268.0,6.0,13.0,35.333333333333336,7.584905660377358,44.666666666666664,VS Malik,58.0,204.83018867924528,262.8301886792453,280.94749271267756,332.2802615763036,0.7909894720571296
2.0,2.0,0.0,0.0,1.0,100.0,2.0,32.0,61.0,0.0,2.0,5.333333333333333,11.4375,61.0,VS Yeligati,52.0,77.125,129.125,20.0,176.99854397391744,0.7295257751895852
282.0,271.0,33.0,5.0,20.0,104.0590405904059,14.1,0.0,0.0,0.0,0.0,0.0,0.0,0.0,VVS Laxman,377.02952029520293,100.0,477.02952029520293,701.7247427768211,659.1306097143294,0.7237253334387702
15.0,28.0,0.0,0.0,5.0,53.57142857142857,3.0,359.0,511.0,21.0,17.0,59.833333333333336,8.540389972144846,24.333333333333332,VY Mahesh,41.785714285714285,502.9192200557103,544.7049343414246,1027.6479468260568,960.3292008777008,0.5672064682023488
130.0,129.0,14.0,3.0,8.0,100.7751937984496,16.25,0.0,0.0,0.0,0.0,0.0,0.0,0.0,W Jaffer,200.3875968992248,100.0,300.38759689922483,233.24772561991085,335.3765247460498,0.8956726983997496
56.0,76.0,2.0,0.0,8.0,73.68421052631578,7.0,75.0,98.0,4.0,7.0,12.5,7.84,24.5,WA Mota,94.84210526315789,164.32,259.16210526315786,499.8757381271572,476.1343487117572,0.5443045769841103
63.0,80.0,4.0,1.0,12.0,78.75,5.25,601.0,731.0,26.0,26.0,100.16666666666667,7.29783693843594,28.115384615384617,WD Parnell,108.375,605.4043261231282,713.7793261231282,953.7573639608071,1137.023481232368,0.627761288930898
1323.0,1025.0,110.0,49.0,67.0,129.0731707317073,19.746268656716417,0.0,0.0,0.0,0.0,0.0,0.0,0.0,WP Saha,1595.5365853658536,100.0,1695.5365853658536,2368.4916397210136,2708.4019897364296,0.6260284078180197
81.0,73.0,2.0,3.0,11.0,110.95890410958904,7.363636363636363,288.0,364.0,18.0,13.0,48.0,7.583333333333333,20.22222222222222,WPUJC Vaas,144.47945205479454,444.8333333333333,589.3127853881278,860.3710384288811,804.0796186383049,0.7329035231437889
10.0,17.0,0.0,0.0,1.0,58.82352941176471,10.0,0.0,0.0,0.0,0.0,0.0,0.0,0.0,X Thalaivan Sargunam,39.411764705882355,100.0,139.41176470588235,20.0,97.4562642331451,1.4305059382572565
19.0,18.0,3.0,0.0,1.0,105.55555555555556,19.0,6.0,7.0,0.0,1.0,1.0,7.0,7.0,Y Gnaneswara Rao,74.77777777777777,86.0,160.77777777777777,119.09762352705332,135.66356766570408,1.1851212565333604
285.0,271.0,20.0,9.0,20.0,105.1660516605166,14.25,72.0,125.0,4.0,8.0,12.0,10.416666666666666,31.25,Y Nagar,375.5830258302583,159.16666666666669,534.749692496925,538.0154597053203,601.0652428508354,0.8896699632150121
985.0,865.0,77.0,37.0,52.0,113.87283236994219,18.942307692307693,222.0,338.0,6.0,20.0,37.0,9.135135135135135,56.333333333333336,Y Venugopal Rao,1192.936416184971,201.72972972972974,1394.6661459147008,2525.183392844887,1964.3676902307084,0.7099822262658484
0.0,1.0,0.0,0.0,1.0,0.0,0.0,222.0,311.0,15.0,11.0,37.0,8.405405405405405,20.733333333333334,YA Abdulla,0.0,383.18918918918916,383.18918918918916,582.5587200210714,544.3487407675528,0.703940618377986
2779.0,1953.0,231.0,143.0,122.0,142.29390681003585,22.778688524590162,1142.0,1380.0,40.0,76.0,190.33333333333334,7.250437828371278,34.5,YK Pathan,3367.146953405018,885.4991243432574,4252.646077748275,6224.693075099209,6104.893375255813,0.6965962902783829
2.0,3.0,0.0,0.0,2.0,66.66666666666666,1.0,948.0,1249.0,56.0,42.0,158.0,7.905063291139241,22.303571428571427,YS Chahal,35.33333333333333,1204.1898734177216,1239.5232067510549,1906.4632725614747,1679.7112880947545,0.7379382489933781
192.0,183.0,26.0,3.0,10.0,104.91803278688525,19.2,0.0,0.0,0.0,0.0,0.0,0.0,0.0,YV Takawale,276.45901639344265,100.0,376.45901639344265,539.9223460524701,526.782099958726,0.7146389682241265
47.0,67.0,5.0,0.0,4.0,70.1492537313433,11.75,0.0,0.0,0.0,0.0,0.0,0.0,0.0,Yashpal Singh,87.07462686567165,100.0,187.07462686567163,231.89238566807305,296.2314094905803,0.6315151630523512
3.0,7.0,0.0,0.0,1.0,42.857142857142854,3.0,0.0,0.0,0.0,0.0,0.0,0.0,0.0,Younis Khan,24.428571428571427,100.0,124.42857142857143,322.0548240295531,240.15379678725967,0.5181203590913723
2339.0,1862.0,175.0,133.0,105.0,125.61761546723953,22.276190476190475,857.0,1045.0,35.0,69.0,142.83333333333334,7.3162193698949824,29.857142857142858,Yuvraj Singh,2842.8088077336197,785.3675612602101,3628.17636899383,5609.280461292469,5408.283265697313,0.6708554620291386
113.0,128.0,11.0,2.0,24.0,88.28125,4.708333333333333,2030.0,2537.0,92.0,88.0,338.3333333333333,7.498522167487685,27.57608695652174,Z Khan,172.140625,1925.0029556650247,2097.1435806650247,3028.75005225181,3011.017470485649,0.6964900075212035
